id,path,line,kind,index,source,translation,meta
scenes/PROMO.md:9:choice:0,scenes/PROMO.md,9,choice,0,PLAY!,ΠΑΙΞΕ!,"{""anchor"": ""#intro-start""}"
scenes/PROMO.md:17:dialogue:0,scenes/PROMO.md,17,dialogue,0,"So before we start, how would *you* like to read?","Πριν ξεκινήσουμε, πώς θες *εσύ* να διαβάζεις;","{""speaker"": ""n3""}"
scenes/PROMO.md:23:dialogue:0,scenes/PROMO.md,23,dialogue,0,"Now, let's begin our story...","Τώρα, ας ξεκινήσουμε την ιστορία μας...","{""speaker"": ""n3""}"
scenes/PROMO.md:34:dialogue:0,scenes/PROMO.md,34,dialogue,0,THIS IS A HUMAN,ΑΥΤΟΣ ΕΙΝΑΙ ΕΝΑΣ ΑΝΘΡΩΠΟΣ,"{""speaker"": ""n2""}"
scenes/PROMO.md:54:dialogue:0,scenes/PROMO.md,54,dialogue,0,AND THIS IS THE HUMAN'S ANXIETY,ΚΑΙ ΑΥΤΟ ΕΙΝΑΙ ΤΟ ΑΓΧΟΣ ΤΟΥ ΑΝΘΡΩΠΟΥ,"{""speaker"": ""n""}"
scenes/PROMO.md:56:dialogue:0,scenes/PROMO.md,56,dialogue,0,_YOU_ ARE THE ANXIETY,_ΕΣΥ_ ΕΙΣΑΙ ΤΟ ΑΓΧΟΣ,"{""speaker"": ""n""}"
scenes/PROMO.md:69:dialogue:0,scenes/PROMO.md,69,dialogue,0,"Nope. No, nope, not listening. Gonna check my phone.","Όχι. Όχι, όχι, δεν ακούω. Θα δω το κινητό μου.","{""speaker"": ""h""}"
scenes/PROMO.md:76:dialogue:0,scenes/PROMO.md,76,dialogue,0,YOUR JOB IS TO PROTECT YOUR HUMAN FROM *DANGER*,Η ΔΟΥΛΕΙΑ ΣΟΥ ΕΙΝΑΙ ΝΑ ΠΡΟΣΤΑΤΕΥΕΙΣ ΤΟΝ ΑΝΘΡΩΠΟ ΣΟΥ ΑΠΟ *ΚΙΝΔΥΝΟ*,"{""speaker"": ""n""}"
scenes/PROMO.md:80:dialogue:0,scenes/PROMO.md,80,dialogue,0,Gasp! You're scrolling your life away on Twitter! Again!,Ωχ! Ξοδεύεις τη ζωή σου στο Twitter! Πάλι!,"{""speaker"": ""b""}"
scenes/PROMO.md:87:dialogue:0,scenes/PROMO.md,87,dialogue,0,Yeah I wonder why I don't just sit and listen to my thoughts more often.,"Ναι, απορώ γιατί δεν κάθομαι απλά να ακούω τις σκέψεις μου πιο συχνά.","{""speaker"": ""h""}"
scenes/PROMO.md:91:dialogue:0,scenes/PROMO.md,91,dialogue,0,"QUICK, WARN THEM ABOUT A *DANGER!*","ΓΡΗΓΟΡΑ, ΠΡΟΕΙΔΟΠΟΙΗΣΕ ΤΟΥΣ ΓΙΑ *ΚΙΝΔΥΝΟ!*","{""speaker"": ""n""}"
scenes/PROMO.md:97:choice:0,scenes/PROMO.md,97,choice,0,"Oh no, look at that horrible news story!","Ωχ όχι, κοίτα αυτό το φρικτό νέο!","{""anchor"": ""#act1d_news""}"
scenes/PROMO.md:99:choice:0,scenes/PROMO.md,99,choice,0,"Oh no, is that tweet secretly about *us?*","Ωχ όχι, αυτό το tweet μιλάει κρυφά για *εμάς;*","{""anchor"": ""#act1d_subtweet""}"
scenes/PROMO.md:101:choice:0,scenes/PROMO.md,101,choice,0,"Hey, a GIF of a cat drinking milk","Έι, ένα GIF με γάτα που πίνει γάλα","{""anchor"": ""#act1d_milk""}"
scenes/PROMO.md:107:dialogue:0,scenes/PROMO.md,107,dialogue,0,"Heh ya that's cute, I--","Χεχ ναι είναι χαριτωμένο, εγώ--","{""speaker"": ""h""}"
scenes/PROMO.md:115:dialogue:0,scenes/PROMO.md,115,dialogue,0,CATS CAN'T DIGEST MILK AND WE'RE TERRIBLE PEOPLE FOR ENJOYING ANIMAL ABUSE,ΟΙ ΓΑΤΕΣ ΔΕΝ ΧΩΝΕΥΟΥΝ ΤΟ ΓΑΛΑ ΚΑΙ ΕΙΜΑΣΤΕ ΑΠΑΙΣΙΟΙ ΓΙΑΤΙ ΑΠΟΛΑΜΒΑΝΟΥΜΕ ΚΑΚΟΠΟΙΗΣΗ ΖΩΩΝ,"{""speaker"": ""b""}"
scenes/act1.md:9:dialogue:0,scenes/act1.md,9,dialogue,0,AND THIS IS THE HUMAN'S ANXIETY,ΚΑΙ ΑΥΤΟ ΕΙΝΑΙ ΤΟ ΆΓΧΟΣ ΤΟΥ ΑΝΘΡΩΠΟΥ,"{""speaker"": ""n""}"
scenes/act1.md:11:dialogue:0,scenes/act1.md,11,dialogue,0,_YOU_ ARE THE ANXIETY,_ΕΣΥ_ ΕΙΣΑΙ ΤΟ ΆΓΧΟΣ,"{""speaker"": ""n""}"
scenes/act1.md:27:dialogue:0,scenes/act1.md,27,dialogue,0,Oh hey! We're back here again?,"Ω, γεια! Πάλι εδώ;","{""speaker"": ""h""}"
scenes/act1.md:31:dialogue:0,scenes/act1.md,31,dialogue,0,YOUR JOB IS TO PROTECT YOUR HUMAN FROM *DANGER*,Η ΔΟΥΛΕΙΑ ΣΟΥ ΕΙΝΑΙ ΝΑ ΠΡΟΣΤΑΤΕΥΕΙΣ ΤΟΝ ΑΝΘΡΩΠΟ ΣΟΥ ΑΠΟ *ΚΙΝΔΥΝΟ*,"{""speaker"": ""n""}"
scenes/act1.md:35:dialogue:0,scenes/act1.md,35,dialogue,0,"IN FACT, REPLAYING THIS GAME IS PUTTING THEM IN *DANGER* RIGHT NOW","ΜΑΛΙΣΤΑ, ΤΟ ΝΑ ΞΑΝΑΠΑΙΖΕΙΣ ΑΥΤΟ ΤΟ ΠΑΙΧΝΙΔΙ ΤΟΥΣ ΒΑΖΕΙ ΣΕ *ΚΙΝΔΥΝΟ* ΤΩΡΑ","{""speaker"": ""n""}"
scenes/act1.md:37:dialogue:0,scenes/act1.md,37,dialogue,0,"QUICK, WARN THEM!","ΓΡΗΓΟΡΑ, ΠΡΟΕΙΔΟΠΟΙΗΣΕ ΤΟΥΣ!","{""speaker"": ""n""}"
scenes/act1.md:45:dialogue:0,scenes/act1.md,45,dialogue,0,"Human! Listen, we're in danger! The player...","Άνθρωπο! Άκου, κινδυνεύουμε! Ο παίκτης...","{""speaker"": ""b""}"
scenes/act1.md:47:choice:0,scenes/act1.md,47,choice,0,...is gonna torture us again!,...θα μας βασανίσει ξανά!,"{""anchor"": ""#act1_replay_torture""}"
scenes/act1.md:49:choice:0,scenes/act1.md,49,choice,0,...won't find an alternate ending!,...δεν θα βρει εναλλακτικό τέλος!,"{""anchor"": ""#act1_replay_alternate""}"
scenes/act1.md:51:choice:0,scenes/act1.md,51,choice,0,...will get ludonarrative dissonance!,...θα πάθει ludonarrative dissonance!,"{""anchor"": ""#act1_replay_dissonance""}"
scenes/act1.md:62:dialogue:0,scenes/act1.md,62,dialogue,0,They'll make us curl up into a ball and cry!,Θα μας κάνουν να μαζευτούμε σαν μπάλα και να κλάψουμε!,"{""speaker"": ""b""}"
scenes/act1.md:66:dialogue:0,scenes/act1.md,66,dialogue,0,They'll make us kill your phone for giving you a panic attack!,Θα μας κάνουν να σκοτώσουμε το τηλέφωνό σου επειδή σου έδωσε κρίση πανικού!,"{""speaker"": ""b""}"
scenes/act1.md:70:dialogue:0,scenes/act1.md,70,dialogue,0,They'll make us *NOT* punch the party host!,Θα μας κάνουν να *ΜΗΝ* χτυπήσουμε τον οικοδεσπότη του πάρτι!,"{""speaker"": ""b""}"
scenes/act1.md:74:dialogue:0,scenes/act1.md,74,dialogue,0,They'll make us punch the Sympathetic Anti-Villain party host!,Θα μας κάνουν να χτυπήσουμε τον Συμπαθητικό Anti-Villain οικοδεσπότη του πάρτι!,"{""speaker"": ""b""}"
scenes/act1.md:78:dialogue:0,scenes/act1.md,78,dialogue,0,Well at least we might not jump off the roof this ti--,"Λοιπόν, τουλάχιστον ίσως δεν πηδήξουμε από τη σκεπή αυτή τη φο--","{""speaker"": ""h""}"
scenes/act1.md:82:dialogue:0,scenes/act1.md,82,dialogue,0,THEY'LL MAKE US JUMP OFF THE ROOF.,ΘΑ ΜΑΣ ΚΑΝΟΥΝ ΝΑ ΠΗΔΗΞΟΥΜΕ ΑΠΟ ΤΗ ΣΚΕΠΗ.,"{""speaker"": ""b""}"
scenes/act1.md:87:dialogue:0,scenes/act1.md,87,dialogue,0,"ALL THESE NEW TERRIBLE THINGS WILL HAPPEN TO US, AND THEN WE'LL--","ΟΛΑ ΑΥΤΑ ΤΑ ΝΕΑ ΤΡΟΜΕΡΑ ΠΡΑΓΜΑΤΑ ΘΑ ΜΑΣ ΣΥΜΒΟΥΝ, ΚΑΙ ΜΕΤΑ ΘΑ--","{""speaker"": ""b""}"
scenes/act1.md:99:dialogue:0,scenes/act1.md,99,dialogue,0,"Sure, the story as a *whole* is the same, but each chapter has two possible endings, plus all the branching dialogue opti--","Ναι, η ιστορία *συνολικά* είναι ίδια, αλλά κάθε κεφάλαιο έχει δύο πιθανά τέλη, συν όλες τις διακλαδώσεις διαλόγου επιλο--","{""speaker"": ""h""}"
scenes/act1.md:103:dialogue:0,scenes/act1.md,103,dialogue,0,"The player will be disappointed, close this browser tab, delete our software, and then we'll--","Ο παίκτης θα απογοητευτεί, θα κλείσει αυτό το tab, θα σβήσει το λογισμικό μας, και μετά θα--","{""speaker"": ""b""}"
scenes/act1.md:115:dialogue:0,scenes/act1.md,115,dialogue,0,A lewd-what now?,Λιούντ-τι τώρα;,"{""speaker"": ""h""}"
scenes/act1.md:119:dialogue:0,scenes/act1.md,119,dialogue,0,"The story arc was about how you can *CHOOSE* to build a healthy collaboration with your fear,","Η ιστορία ήταν για το πώς μπορείς να *ΕΠΙΛΕΞΕΙΣ* να χτίσεις μια υγιή συνεργασία με τον φόβο σου,","{""speaker"": ""b""}"
scenes/act1.md:123:dialogue:0,scenes/act1.md,123,dialogue,0,"But replaying the game will give the same story, implying your *CHOICES* don't matter,","Αλλά το να ξαναπαίζεις το παιχνίδι δίνει την ίδια ιστορία, υπονοώντας ότι οι *ΕΠΙΛΟΓΕΣ* σου δεν έχουν σημασία,","{""speaker"": ""b""}"
scenes/act1.md:127:dialogue:0,scenes/act1.md,127,dialogue,0,"Thus showing a contradiction between the game's message and mechanics,","Έτσι δείχνοντας αντίφαση ανάμεσα στο μήνυμα του παιχνιδιού και τη μηχανική του,","{""speaker"": ""b""}"
scenes/act1.md:131:dialogue:0,scenes/act1.md,131,dialogue,0,"Thus unraveling the fabric of this narrative universe,","Έτσι ξετυλίγοντας το ύφασμα αυτού του αφηγηματικού σύμπαντος,","{""speaker"": ""b""}"
scenes/act1.md:135:dialogue:0,scenes/act1.md,135,dialogue,0,And then we'll--,Και μετά θα--,"{""speaker"": ""b""}"
scenes/act1.md:144:dialogue:0,scenes/act1.md,144,dialogue,0,DIEEEEEEEEEEEEEEEEEEE,ΘΑ ΠΕΘΑΝΟΥΜΜΜΜΜΜΜΜΜΜΜΜΜΜΜΜΜΜΜ,"{""speaker"": ""b""}"
scenes/act1.md:167:dialogue:0,scenes/act1.md,167,dialogue,0,Okay let's get back into character.,"Εντάξει, ας ξαναμπώ στον ρόλο.","{""speaker"": ""h""}"
scenes/act1.md:173:dialogue:0,scenes/act1.md,173,dialogue,0,(LET _YOUR_ ANXIETY BLAH BLAH BLAH MOST SIMILAR TO WHAT _YOUR_ FEAR BLAH BLAH YOU KNOW THE DRILL),"(ΑΦΗΣΕ ΤΟ _ΔΙΚΟ ΣΟΥ_ ΆΓΧΟΣ ΜΠΛΑ ΜΠΛΑ ΜΠΛΑ Ο,ΤΙ ΜΟΙΑΖΕΙ ΠΕΡΙΣΣΟΤΕΡΟ ΜΕ ΤΟΝ _ΔΙΚΟ ΣΟΥ_ ΦΟΒΟ ΜΠΛΑ ΜΠΛΑ ΞΕΡΕΙΣ ΤΗ ΔΙΑΔΙΚΑΣΙΑ)","{""speaker"": ""n4""}"
scenes/act1.md:189:dialogue:0,scenes/act1.md,189,dialogue,0,"Oh good, my wolf's back. Faaaaantastic.","Α, καλά, ο λύκος μου γύρισε. Φααααανταστικά.","{""speaker"": ""h""}"
scenes/act1.md:193:dialogue:0,scenes/act1.md,193,dialogue,0,YOUR JOB IS TO PROTECT YOUR HUMAN FROM *DANGER*,Η ΔΟΥΛΕΙΑ ΣΟΥ ΕΙΝΑΙ ΝΑ ΠΡΟΣΤΑΤΕΥΕΙΣ ΤΟΝ ΑΝΘΡΩΠΟ ΣΟΥ ΑΠΟ *ΚΙΝΔΥΝΟ*,"{""speaker"": ""n""}"
scenes/act1.md:197:dialogue:0,scenes/act1.md,197,dialogue,0,"IN FACT, THAT SANDWICH IS PUTTING THEM IN *DANGER* RIGHT NOW","ΜΑΛΙΣΤΑ, ΑΥΤΟ ΤΟ ΣΑΝΤΟΥΙΤΣ ΤΟΥΣ ΒΑΖΕΙ ΣΕ *ΚΙΝΔΥΝΟ* ΤΩΡΑ","{""speaker"": ""n""}"
scenes/act1.md:199:dialogue:0,scenes/act1.md,199,dialogue,0,"QUICK, WARN THEM!","ΓΡΗΓΟΡΑ, ΠΡΟΕΙΔΟΠΟΙΗΣΕ ΤΟΥΣ!","{""speaker"": ""n""}"
scenes/act1.md:207:dialogue:0,scenes/act1.md,207,dialogue,0,"Human! Listen, we're in danger! The danger is...","Άνθρωπο! Άκου, κινδυνεύουμε! Ο κίνδυνος είναι...","{""speaker"": ""b""}"
scenes/act1.md:211:dialogue:0,scenes/act1.md,211,dialogue,0,(LET _YOUR_ ANXIETY COME OUT TO PLAY! PICK WHAT'S MOST SIMILAR TO WHAT _YOUR_ FEAR TELLS YOU),"(ΑΦΗΣΕ ΤΟ _ΔΙΚΟ ΣΟΥ_ ΆΓΧΟΣ ΝΑ ΒΓΕΙ ΝΑ ΠΑΙΞΕΙ! ΔΙΑΛΕΞΕ Ο,ΤΙ ΜΟΙΑΖΕΙ ΠΕΡΙΣΣΟΤΕΡΟ ΜΕ ΑΥΤΟ ΠΟΥ ΣΟΥ ΛΕΕΙ Ο _ΔΙΚΟΣ ΣΟΥ_ ΦΟΒΟΣ)","{""speaker"": ""n4""}"
scenes/act1.md:217:choice:0,scenes/act1.md,217,choice,0,We're eating alone for lunch! Again!,Τρώμε μόνοι μας το μεσημεριανό! Πάλι!,"{""anchor"": ""#act1a_alone""}"
scenes/act1.md:219:choice:0,scenes/act1.md,219,choice,0,We're not productive while eating!,Δεν είμαστε παραγωγικοί όσο τρώμε!,"{""anchor"": ""#act1a_productive""}"
scenes/act1.md:221:choice:0,scenes/act1.md,221,choice,0,That white bread's bad for us!,Το λευκό ψωμί είναι κακό για μας!,"{""anchor"": ""#act1a_bread""}"
scenes/act1.md:230:dialogue:0,scenes/act1.md,230,dialogue,0,Don't you know loneliness is associated with premature death as much as smoking 15 cigarettes a day?-,Δεν ξέρεις ότι η μοναξιά συνδέεται με πρόωρο θάνατο όσο και 15 τσιγάρα την ημέρα;-,"{""speaker"": ""b""}"
scenes/act1.md:236:dialogue:0,scenes/act1.md,236,dialogue,0,"(Holt-Lunstad 2010, PLoS Medicine)","(Holt-Lunstad 2010, PLoS Medicine)","{""speaker"": ""b""}"
scenes/act1.md:240:dialogue:0,scenes/act1.md,240,dialogue,0,"Um, thanks for citing your sources but--","Ε, ευχαριστώ που παραθέτεις πηγές αλλά--","{""speaker"": ""h""}"
scenes/act1.md:246:dialogue:0,scenes/act1.md,246,dialogue,0,Which means if we don't hang out with someone *right now* we're gonna-,Άρα αν δεν βγούμε με κάποιον *τώρα αμέσως* θα--,"{""speaker"": ""b""}"
scenes/act1.md:250:dialogue:0,scenes/act1.md,250,dialogue,0,DIEEEEEEEEEEEEEEEEEEE,ΘΑ ΠΕΘΑΝΟΥΜΜΜΜΜΜΜΜΜΜΜΜΜΜΜΜΜΜΜ,"{""speaker"": ""b""}"
scenes/act1.md:263:dialogue:0,scenes/act1.md,263,dialogue,0,YOU USED *FEAR OF BEING UNLOVED*,ΧΡΗΣΙΜΟΠΟΙΗΣΕΣ *ΦΟΒΟ ΜΗ ΑΓΑΠΗΜΕΝΟΥ*,"{""speaker"": ""n""}"
scenes/act1.md:274:dialogue:0,scenes/act1.md,274,dialogue,0,Whip out your laptop and do some work right now!,Βγάλε το laptop και δούλεψε τώρα αμέσως!,"{""speaker"": ""b""}"
scenes/act1.md:278:dialogue:0,scenes/act1.md,278,dialogue,0,"Um, I'd rather not get crumbs in my keyboa--","Ε, προτιμώ να μη βάλω ψίχουλα στο πληκτρολόγι--","{""speaker"": ""h""}"
scenes/act1.md:285:dialogue:0,scenes/act1.md,285,dialogue,0,If we're not contributing to the body of society then we're a society-parasite!,"Αν δεν συνεισφέρουμε στο σώμα της κοινωνίας, είμαστε παράσιτο της κοινωνίας!","{""speaker"": ""b""}"
scenes/act1.md:287:dialogue:0,scenes/act1.md,287,dialogue,0,The society-body will go to the society-doctor for medication to kill their society-parasites then we'll--,Το σώμα-κοινωνία θα πάει στον γιατρό-κοινωνία για φάρμακα να σκοτώσει τα παράσιτα-κοινωνίας και μετά θα--,"{""speaker"": ""b""}"
scenes/act1.md:294:dialogue:0,scenes/act1.md,294,dialogue,0,DIEEEEEEEEEEEEEEEEEEE,ΘΑ ΠΕΘΑΝΟΥΜΜΜΜΜΜΜΜΜΜΜΜΜΜΜΜΜΜΜ,"{""speaker"": ""b""}"
scenes/act1.md:307:dialogue:0,scenes/act1.md,307,dialogue,0,YOU USED *FEAR OF BEING A BAD PERSON*,ΧΡΗΣΙΜΟΠΟΙΗΣΕΣ *ΦΟΒΟ ΚΑΚΟΥ ΑΝΘΡΩΠΟΥ*,"{""speaker"": ""n""}"
scenes/act1.md:318:dialogue:0,scenes/act1.md,318,dialogue,0,Have those studies been replicat--,Έχουν αναπαραχθεί αυτές οι μελέτες--,"{""speaker"": ""h""}"
scenes/act1.md:325:dialogue:0,scenes/act1.md,325,dialogue,0,Processed wheat will spike our blood sugar so they'll have to amputate all our limbs and then we'll-,Το επεξεργασμένο σιτάρι θα ανεβάσει τη γλυκόζη μας κι έτσι θα μας κόψουν όλα τα άκρα και μετά θα--,"{""speaker"": ""b""}"
scenes/act1.md:329:dialogue:0,scenes/act1.md,329,dialogue,0,DIEEEEEEEEEEEEEEEEEEE,ΘΑ ΠΕΘΑΝΟΥΜΜΜΜΜΜΜΜΜΜΜΜΜΜΜΜΜΜΜ,"{""speaker"": ""b""}"
scenes/act1.md:342:dialogue:0,scenes/act1.md,342,dialogue,0,YOU USED *FEAR OF BEING HARMED*,ΧΡΗΣΙΜΟΠΟΙΗΣΕΣ *ΦΟΒΟ ΒΛΑΒΗΣ*,"{""speaker"": ""n""}"
scenes/act1.md:348:dialogue:0,scenes/act1.md,348,dialogue,0,IT'S SUPER EFFECTIVE,ΕΙΝΑΙ ΥΠΕΡΑΠΟΤΕΛΕΣΜΑΤΙΚΟ,"{""speaker"": ""n""}"
scenes/act1.md:352:dialogue:0,scenes/act1.md,352,dialogue,0,"See, human? I am your loyal guard-wolf!","Βλέπεις, άνθρωπο; Είμαι ο πιστός σου λύκος-φύλακας!","{""speaker"": ""b""}"
scenes/act1.md:356:dialogue:0,scenes/act1.md,356,dialogue,0,Trust your gut! Your feelings are always valid!,Πίστεψε το ένστικτό σου! Τα συναισθήματά σου είναι πάντα έγκυρα!,"{""speaker"": ""b""}"
scenes/act1.md:360:dialogue:0,scenes/act1.md,360,dialogue,0,GET YOUR HUMAN'S ENERGY BAR TO ZERO,ΦΕΡΕ ΤΗ ΜΠΑΡΑ ΕΝΕΡΓΕΙΑΣ ΤΟΥ ΑΝΘΡΩΠΟΥ ΣΟΥ ΣΤΟ ΜΗΔΕΝ,"{""speaker"": ""n""}"
scenes/act1.md:362:dialogue:0,scenes/act1.md,362,dialogue,0,"TO PROTECT THEIR PHYSICAL + SOCIAL + MORAL NEEDS, YOU CAN USE:","ΓΙΑ ΝΑ ΠΡΟΣΤΑΤΕΥΣΕΙΣ ΤΙΣ ΦΥΣΙΚΕΣ + ΚΟΙΝΩΝΙΚΕΣ + ΗΘΙΚΕΣ ΤΟΥ ΑΝΑΓΚΕΣ, ΜΠΟΡΕΙΣ ΝΑ ΧΡΗΣΙΜΟΠΟΙΗΣΕΙΣ:","{""speaker"": ""n""}"
scenes/act1.md:364:dialogue:0,scenes/act1.md,364,dialogue,0,FEAR OF *BEING HARMED* #harm#,ΦΟΒΟ *ΒΛΑΒΗΣ* #harm#,"{""speaker"": ""n""}"
scenes/act1.md:366:dialogue:0,scenes/act1.md,366,dialogue,0,FEAR OF *BEING UNLOVED* #alone#,ΦΟΒΟ *ΜΗ ΑΓΑΠΗΜΕΝΟΥ* #alone#,"{""speaker"": ""n""}"
scenes/act1.md:368:dialogue:0,scenes/act1.md,368,dialogue,0,AND FEAR OF *BEING A BAD PERSON* #bad#,ΚΑΙ ΦΟΒΟ *ΚΑΚΟΥ ΑΝΘΡΩΠΟΥ* #bad#,"{""speaker"": ""n""}"
scenes/act1.md:372:dialogue:0,scenes/act1.md,372,dialogue,0,"(PRO-TIP: PLAY THE CHOICES THAT PERSONALLY HIT YOUR DEEPEST, DARKEST FEARS!~)","(PRO-TIP: ΠΑΙΞΕ ΤΙΣ ΕΠΙΛΟΓΕΣ ΠΟΥ ΧΤΥΠΑΝΕ ΤΟΥΣ ΠΙΟ ΒΑΘΙΑ, ΣΚΟΤΕΙΝΑ ΦΟΒΑ ΣΟΥ!~)","{""speaker"": ""n4""}"
scenes/act1.md:374:dialogue:0,scenes/act1.md,374,dialogue,0,...,...,"{""speaker"": ""h""}"
scenes/act1.md:386:dialogue:0,scenes/act1.md,386,dialogue,0,you know what maybe it's time to check my phone.,"ξέρεις τι, ίσως ήρθε η ώρα να δω το τηλέφωνό μου.","{""speaker"": ""h""}"
scenes/act1.md:393:dialogue:0,scenes/act1.md,393,dialogue,0,PROTECT YOUR HUMAN,ΠΡΟΣΤΑΤΕΥΣΕ ΤΟΝ ΑΝΘΡΩΠΟ ΣΟΥ,"{""speaker"": ""n""}"
scenes/act1.md:395:dialogue:0,scenes/act1.md,395,dialogue,0,FROM THE WORLD. FROM OTHER PEOPLE. FROM THEMSELF.,ΑΠΟ ΤΟΝ ΚΟΣΜΟ. ΑΠΟ ΑΛΛΟΥΣ ΑΝΘΡΩΠΟΥΣ. ΑΠΟ ΤΟΝ ΕΑΥΤΟ ΤΟΥ.,"{""speaker"": ""n""}"
scenes/act1.md:397:dialogue:0,scenes/act1.md,397,dialogue,0,GOOD LUCK,ΚΑΛΗ ΤΥΧΗ,"{""speaker"": ""n""}"
scenes/act1.md:411:dialogue:0,scenes/act1.md,411,dialogue,0,ROUND ONE: *FIGHT!*,ΓΥΡΟΣ ΕΝΑ: *ΜΑΧΗ!*,"{""speaker"": ""n""}"
scenes/act1.md:415:dialogue:0,scenes/act1.md,415,dialogue,0,Huh. Facebook feed says there's a party happening this weekend.,Χμ. Το Facebook λέει ότι γίνεται πάρτι αυτό το Σαββατοκύριακο.,"{""speaker"": ""h""}"
scenes/act1.md:419:dialogue:0,scenes/act1.md,419,dialogue,0,Doesn't that weirdo throw a party *every* weekend?,Δεν κάνει αυτός ο περίεργος πάρτι *κάθε* Σαββατοκύριακο;,"{""speaker"": ""b""}"
scenes/act1.md:423:dialogue:0,scenes/act1.md,423,dialogue,0,What inner void are they trying to fill? They must be deeply messed up inside!,Τι εσωτερικό κενό προσπαθούν να γεμίσουν; Πρέπει να είναι χάλια μέσα τους!,"{""speaker"": ""b""}"
scenes/act1.md:427:dialogue:0,scenes/act1.md,427,dialogue,0,"Also, I got an invite?","Επίσης, πήρα πρόσκληση;","{""speaker"": ""h""}"
scenes/act1.md:431:dialogue:0,scenes/act1.md,431,dialogue,0,Well then!,Λοιπόν!,"{""speaker"": ""b""}"
scenes/act1.md:433:choice:0,scenes/act1.md,433,choice,0,"Say yes, or we'll die from loneliness!","Πες ναι, αλλιώς θα πεθάνουμε από μοναξιά!","{""anchor"": ""#act1c_loner""}"
scenes/act1.md:435:choice:0,scenes/act1.md,435,choice,0,"Say no, it's full of poisonous drugs!","Πες όχι, είναι γεμάτο δηλητηριώδη ναρκωτικά!","{""anchor"": ""#act1c_drugs""}"
scenes/act1.md:437:choice:0,scenes/act1.md,437,choice,0,"Ignore it, we just make parties sad.","Αγνόησέ το, απλώς κάνουμε τα πάρτι λυπηρά.","{""anchor"": ""#act1c_sad""}"
scenes/act1.md:442:dialogue:0,scenes/act1.md,442,dialogue,0,"Fifteen cigarettes a day, human! Fifteen!","Δεκαπέντε τσιγάρα την ημέρα, άνθρωπο! Δεκαπέντε!","{""speaker"": ""b""}"
scenes/act1.md:450:dialogue:0,scenes/act1.md,450,dialogue,0,"Then no one will show up at our funeral, they'll dump our ashes into the ocean, we get eaten by a whale,","Μετά κανείς δεν θα έρθει στο κηδειόφορό μας, θα ρίξουν τη στάχτη μας στη θάλασσα, θα μας φάει μια φάλαινα,","{""speaker"": ""b""}"
scenes/act1.md:454:dialogue:0,scenes/act1.md,454,dialogue,0,and we become WHALE POOP!,και θα γίνουμε ΚΟΠΡΑΝΑ ΦΑΛΑΙΝΑΣ!,"{""speaker"": ""b""}"
scenes/act1.md:471:dialogue:0,scenes/act1.md,471,dialogue,0,So yeah we should go to that party!,"Οπότε ναι, πρέπει να πάμε σε εκείνο το πάρτι!","{""speaker"": ""b""}"
scenes/act1.md:475:dialogue:0,scenes/act1.md,475,dialogue,0,"Just bring the laptop so we can do work, and not be a society-parasite.","Απλώς πάρε το laptop να δουλέψουμε, και να μην είμαστε παράσιτο της κοινωνίας.","{""speaker"": ""b""}"
scenes/act1.md:479:dialogue:0,scenes/act1.md,479,dialogue,0,Just as long as they don't serve WHITE BREAD,Μόνο να μη σερβίρουν ΛΕΥΚΟ ΨΩΜΙ,"{""speaker"": ""b""}"
scenes/act1.md:484:dialogue:0,scenes/act1.md,484,dialogue,0,"GOD. If it'll make you shut up, fine.","ΘΕΕ. Αν θα σε κάνω να σωπάσεις, εντάξει.","{""speaker"": ""h""}"
scenes/act1.md:486:dialogue:0,scenes/act1.md,486,dialogue,0,I'll say yes.,Θα πω ναι.,"{""speaker"": ""h""}"
scenes/act1.md:489:dialogue:0,scenes/act1.md,489,dialogue,0,"Whale poop, human! Whale poop!","Κόπρανα φάλαινας, άνθρωπο! Κόπρανα φάλαινας!","{""speaker"": ""b""}"
scenes/act1.md:501:dialogue:0,scenes/act1.md,501,dialogue,0,or even worse... WHITE BREAD,ή ακόμα χειρότερα... ΛΕΥΚΟ ΨΩΜΙ,"{""speaker"": ""b""}"
scenes/act1.md:509:dialogue:0,scenes/act1.md,509,dialogue,0,We'll overdose on so much meth and white bread they won't be able to fit our fat corpse into the cremation furnace!,Θα κάνουμε υπερβολική δόση σε τόσο μεθ και λευκό ψωμί που δεν θα χωρέσει το χοντρό πτώμα μας στον κρεματοριο!,"{""speaker"": ""b""}"
scenes/act1.md:513:dialogue:0,scenes/act1.md,513,dialogue,0,We'll overdose on so many drugs the undertaker will wonder how our body was *already* pre-embalmed!,Θα κάνουμε υπερβολική δόση σε τόσα ναρκωτικά που ο νεκροθάφτης θα αναρωτηθεί πώς το σώμα μας ήταν *ήδη* εμβαλαμένο!,"{""speaker"": ""b""}"
scenes/act1.md:524:dialogue:0,scenes/act1.md,524,dialogue,0,"Besides, can't party, we need to do work or we're a terrible society-parasite!","Εξάλλου, δεν μπορούμε να πάρτι, πρέπει να δουλέψουμε αλλιώς είμαστε τρομερό παράσιτο της κοινωνίας!","{""speaker"": ""b""}"
scenes/act1.md:529:dialogue:0,scenes/act1.md,529,dialogue,0,"GOD. If it'll make you shut up, fine.","ΘΕΕ. Αν θα σε κάνω να σωπάσεις, εντάξει.","{""speaker"": ""h""}"
scenes/act1.md:531:dialogue:0,scenes/act1.md,531,dialogue,0,I'll say no.,Θα πω όχι.,"{""speaker"": ""h""}"
scenes/act1.md:544:dialogue:0,scenes/act1.md,544,dialogue,0,All we ever do is cry in a corner about how loneliness is as deadly as 15 cigarettes a day.,Το μόνο που κάνουμε ποτέ είναι να κλαίμε σε μια γωνιά για το πόσο θανατηφόρα είναι η μοναξιά όσο 15 τσιγάρα την ημέρα.,"{""speaker"": ""b""}"
scenes/act1.md:548:dialogue:0,scenes/act1.md,548,dialogue,0,All we ever do at parties is worry about how we should be productive instead.,Το μόνο που κάνουμε ποτέ στα πάρτι είναι να ανησυχούμε ότι πρέπει να είμαστε παραγωγικοί.,"{""speaker"": ""b""}"
scenes/act1.md:552:dialogue:0,scenes/act1.md,552,dialogue,0,All we ever do is worry about how the unhealthy food options are going to kill us.,Το μόνο που κάνουμε ποτέ είναι να ανησυχούμε ότι οι ανθυγιεινές επιλογές φαγητού θα μας σκοτώσουν.,"{""speaker"": ""b""}"
scenes/act1.md:560:dialogue:0,scenes/act1.md,560,dialogue,0,gee i wonder why.,"ααα, αναρωτιέμαι γιατί.","{""speaker"": ""h""}"
scenes/act1.md:566:dialogue:0,scenes/act1.md,566,dialogue,0,"So if we go we'll make them feel bad, but if we reject their invite we'll also make them feel bad!","Οπότε αν πάμε θα τους κάνουμε να νιώσουν άσχημα, αλλά αν απορρίψουμε την πρόσκληση θα τους κάνουμε κι αυτό να νιώσουν άσχημα!","{""speaker"": ""b""}"
scenes/act1.md:572:dialogue:0,scenes/act1.md,572,dialogue,0,"ALL WE DO IS MAKE PEOPLE FEEL BAD, SO WE SHOULD FEEL BAD","ΟΛΑ ΤΑ ΚΑΝΟΥΜΕ ΕΙΝΑΙ ΝΑ ΚΑΝΟΥΜΕ ΤΟΥΣ ΑΝΘΡΩΠΟΥΣ ΝΑ ΝΙΩΘΟΥΝ ΑΣΧΗΜΑ, ΟΠΟΤΕ ΠΡΕΠΕΙ ΝΑ ΝΙΩΘΟΥΜΕ ΑΣΧΗΜΑ","{""speaker"": ""b""}"
scenes/act1.md:583:dialogue:0,scenes/act1.md,583,dialogue,0,"Ugh. If it'll make you shut up, fine.","Φου. Αν θα σε κάνω να σωπάσεις, εντάξει.","{""speaker"": ""h""}"
scenes/act1.md:585:dialogue:0,scenes/act1.md,585,dialogue,0,I'll ignore the invite.,Θα αγνοήσω την πρόσκληση.,"{""speaker"": ""h""}"
scenes/act1.md:598:dialogue:0,scenes/act1.md,598,dialogue,0,"Anyway. Facebook's too much. I need something calmer, less anxiety-producing.","Τέλος πάντων. Το Facebook είναι πολλά. Χρειάζομαι κάτι πιο ήρεμο, λιγότερο άγχος-παραγωγό.","{""speaker"": ""h""}"
scenes/act1.md:602:dialogue:0,scenes/act1.md,602,dialogue,0,What's new on Twitter?,Τι νέο στο Twitter;,"{""speaker"": ""h""}"
scenes/act1.md:606:choice:0,scenes/act1.md,606,choice,0,"Oh no, look at that horrible news story!","Ωχ όχι, κοίτα αυτό το φρικτό νέο!","{""anchor"": ""#act1d_news""}"
scenes/act1.md:608:choice:0,scenes/act1.md,608,choice,0,"Oh no, is that tweet secretly about *us?*","Ωχ όχι, αυτό το tweet είναι κρυφά για *εμάς;*","{""anchor"": ""#act1d_subtweet""}"
scenes/act1.md:610:choice:0,scenes/act1.md,610,choice,0,"Hey, a GIF of a cat drinking milk","Χε, ένα GIF με γάτα που πίνει γάλα","{""anchor"": ""#act1d_milk""}"
scenes/act1.md:620:dialogue:0,scenes/act1.md,620,dialogue,0,"God, it feels like the world's burning, isn't it?","Θεέ, νιώθω σαν να καίγεται ο κόσμος, έτσι δεν είναι;","{""speaker"": ""b""}"
scenes/act1.md:627:dialogue:0,scenes/act1.md,627,dialogue,0,"It feels like it's all ending, like everything's dying and we're doomed and there's nothing we can do about it.","Νιώθω σαν να τελειώνει όλα, σαν να πεθαίνει τα πάντα και είμαστε καταδικασμένοι και δεν μπορούμε να κάνουμε τίποτα.","{""speaker"": ""b""}"
scenes/act1.md:634:dialogue:0,scenes/act1.md,634,dialogue,0,...,...,"{""speaker"": ""b""}"
scenes/act1.md:638:dialogue:0,scenes/act1.md,638,dialogue,0,Let's retweet that story!,Ας κάνουμε retweet αυτό το νέο!,"{""speaker"": ""b""}"
scenes/act1.md:656:dialogue:0,scenes/act1.md,656,dialogue,0,Okay I'll retweet it just please be quiet!,Εντάξει θα κάνω retweet απλώς σώπασε παρακαλώ!,"{""speaker"": ""h""}"
scenes/act1.md:660:dialogue:0,scenes/act1.md,660,dialogue,0,"Screw it, let's look at Snapchat.","Στο διάολο, ας δούμε το Snapchat.","{""speaker"": ""h""}"
scenes/act1.md:669:dialogue:0,scenes/act1.md,669,dialogue,0,"It's a subtweet! A sneaky, sneaky subtweet!","Είναι subtweet! Ένα ύπουλο, ύπουλο subtweet!","{""speaker"": ""b""}"
scenes/act1.md:673:dialogue:0,scenes/act1.md,673,dialogue,0,It's probably not?,Μάλλον όχι;,"{""speaker"": ""h""}"
scenes/act1.md:677:dialogue:0,scenes/act1.md,677,dialogue,0,but what if they're all talking behind our back,αλλά τι γίνεται αν μας κουβεντιάζουν πίσω από την πλάτη μας,"{""speaker"": ""b""}"
scenes/act1.md:679:dialogue:0,scenes/act1.md,679,dialogue,0,They're n--,Δεν μ--,"{""speaker"": ""h""}"
scenes/act1.md:683:dialogue:0,scenes/act1.md,683,dialogue,0,IN FRONT OF OUR BACK,ΜΠΡΟΣΤΑ ΑΠΟ ΤΗΝ ΠΛΑΤΗ ΜΑΣ,"{""speaker"": ""b""}"
scenes/act1.md:687:dialogue:0,scenes/act1.md,687,dialogue,0,I d--,Δε θ--,"{""speaker"": ""h""}"
scenes/act1.md:691:dialogue:0,scenes/act1.md,691,dialogue,0,but *what if*,αλλά *τι γίνεται αν*,"{""speaker"": ""b""}"
scenes/act1.md:693:dialogue:0,scenes/act1.md,693,dialogue,0,S--,Σ--,"{""speaker"": ""h""}"
scenes/act1.md:697:dialogue:0,scenes/act1.md,697,dialogue,0,*what if*,*τι γίνεται αν*,"{""speaker"": ""b""}"
scenes/act1.md:704:dialogue:0,scenes/act1.md,704,dialogue,0,...,...,"{""speaker"": ""h""}"
scenes/act1.md:722:dialogue:0,scenes/act1.md,722,dialogue,0,"o-KAY, gonna try Snapchat.","ε-ΝΤΑΞΕΙ, θα δοκιμάσω Snapchat.","{""speaker"": ""h""}"
scenes/act1.md:730:dialogue:0,scenes/act1.md,730,dialogue,0,"Heh ya that's cute, just retweeted it, I thi--","Χε ναι αυτό είναι χαριτωμένο, μόλις το έκανα retweet, νομί--","{""speaker"": ""h""}"
scenes/act1.md:738:dialogue:0,scenes/act1.md,738,dialogue,0,CATS CAN'T DIGEST MILK AND WE'RE TERRIBLE PEOPLE FOR ENJOYING ANIMAL ABUSE,ΟΙ ΓΑΤΕΣ ΔΕΝ ΧΩΝΕΥΟΥΝ ΓΑΛΑ ΚΑΙ ΕΙΜΑΣΤΕ ΤΡΟΜΕΡΟΙ ΑΝΘΡΩΠΟΙ ΓΙΑΤΙ ΑΠΟΛΑΜΒΑΝΟΥΜΕ ΚΑΚΟΠΟΙΗΣΗ ΖΩΩΝ,"{""speaker"": ""b""}"
scenes/act1.md:755:dialogue:0,scenes/act1.md,755,dialogue,0,"o-KAY, gonna try Snapchat.","ε-ΝΤΑΞΕΙ, θα δοκιμάσω Snapchat.","{""speaker"": ""h""}"
scenes/act1.md:763:dialogue:0,scenes/act1.md,763,dialogue,0,"Huh, photos from yesterday night. So *that's* what those weekly parties are like.","Χμ, φωτογραφίες από χθες το βράδυ. Άρα *έτσι* είναι τα εβδομαδιαία πάρτι.","{""speaker"": ""h""}"
scenes/act1.md:775:dialogue:0,scenes/act1.md,775,dialogue,0,"Oof, looks way too crowded for my anxiety.","Ουφ, φαίνεται πολύ γεμάτο για το άγχος μου.","{""speaker"": ""h""}"
scenes/act1.md:777:dialogue:0,scenes/act1.md,777,dialogue,0,Maybe I shouldn't have said yes to the invite?,Ίσως δεν έπρεπε να είχα πει ναι στην πρόσκληση;,"{""speaker"": ""h""}"
scenes/act1.md:784:choice:0,scenes/act1.md,784,choice,0,Change our answer? Like a jerk?!,Να αλλάξουμε την απάντηση; Σαν μαλάκας;,"{""anchor"": ""#act1e_yes_dontchange""}"
scenes/act1.md:786:choice:0,scenes/act1.md,786,choice,0,Change our answer! It's too crowded!,Να αλλάξουμε την απάντηση! Είναι πολύ γεμάτο!,"{""anchor"": ""#act1e_yes_changetono""}"
scenes/act1.md:789:choice:0,scenes/act1.md,789,choice,0,Yeah they were totally subtweeting us.,Ναι μας έκαναν σίγουρα subtweet.,"{""anchor"": ""#act1e_ignore_subtweet""}"
scenes/act1.md:793:choice:0,scenes/act1.md,793,choice,0,Wait we retweeted without fact-checking.,"Περίμενε, κάναμε retweet χωρίς fact-checking.","{""anchor"": ""#act1e_ignore_factcheck""}"
scenes/act1.md:797:choice:0,scenes/act1.md,797,choice,0,"You know, you've got really bad posture?","Ξέρεις, έχεις πολύ κακή στάση σώματος;","{""anchor"": ""#act1e_ignore_posture""}"
scenes/act1.md:807:dialogue:0,scenes/act1.md,807,dialogue,0,They were counting on us to come and now we're betraying their trust? Do you wanna die alone?!,Μετρούσαν ότι θα έρθουμε και τώρα προδίδουμε την εμπιστοσύνη τους; Θέλεις να πεθάνεις μόνος;,"{""speaker"": ""b""}"
scenes/act1.md:810:dialogue:0,scenes/act1.md,810,dialogue,0,FIFTEEN. CIGARETTES.,ΔΕΚΑΠΕΝΤΕ. ΤΣΙΓΑΡΑ.,"{""speaker"": ""b""}"
scenes/act1.md:814:dialogue:0,scenes/act1.md,814,dialogue,0,WHALE. POOP.,ΚΟΠΡΑΝΑ. ΦΑΛΑΙΝΑΣ.,"{""speaker"": ""b""}"
scenes/act1.md:829:dialogue:0,scenes/act1.md,829,dialogue,0,Shut up shut up I'll keep it as yes!,Σώπα σώπα θα το κρατήσω ως ναι!,"{""speaker"": ""h""}"
scenes/act1.md:840:dialogue:0,scenes/act1.md,840,dialogue,0,Don't you know about human stampedes?,Δεν ξέρεις για τις ανθρώπινες ποδοπατήσεις;,"{""speaker"": ""b""}"
scenes/act1.md:848:dialogue:0,scenes/act1.md,848,dialogue,0,In 2003 a Rhode Island nightclub had a fire and the panic made people jam the exits so 100 people burned to death-,Το 2003 ένα νυχτερινό κέντρο στη Rhode Island είχε φωτιά και ο πανικός έκανε τους ανθρώπους να μπλοκάρουν τις εξόδους κι έτσι 100 άνθρωποι κάηκαν ζωντανοί-,"{""speaker"": ""b""}"
scenes/act1.md:856:dialogue:0,scenes/act1.md,856,dialogue,0,DO YOU WANT THAT TO HAPPEN TO US-,ΘΕΛΕΙΣ ΝΑ ΜΑΣ ΣΥΜΒΕΙ ΑΥΤΟ-,"{""speaker"": ""b""}"
scenes/act1.md:863:dialogue:0,scenes/act1.md,863,dialogue,0,SAY NO SAY NO SAY NO SAY NO SAY NO SAY NO SAY NO SAY NO SAY N-,ΠΕΣ ΟΧΙ ΠΕΣ ΟΧΙ ΠΕΣ ΟΧΙ ΠΕΣ ΟΧΙ ΠΕΣ ΟΧΙ ΠΕΣ ΟΧΙ ΠΕΣ ΟΧΙ ΠΕΣ Ο--,"{""speaker"": ""b""}"
scenes/act1.md:879:dialogue:0,scenes/act1.md,879,dialogue,0,Shut up shut up I'll change my answer to no! God!,Σώπα σώπα θα αλλάξω την απάντηση σε όχι! Θεέ!,"{""speaker"": ""h""}"
scenes/act1.md:887:dialogue:0,scenes/act1.md,887,dialogue,0,Hm... that looks really fun.,Χμ... φαίνεται πολύ διασκεδαστικό.,"{""speaker"": ""h""}"
scenes/act1.md:889:dialogue:0,scenes/act1.md,889,dialogue,0,Maybe I shouldn't have said no to the invite?,Ίσως δεν έπρεπε να είχα πει όχι στην πρόσκληση;,"{""speaker"": ""h""}"
scenes/act1.md:893:choice:0,scenes/act1.md,893,choice,0,Change our answer? Like a jerk?!,Να αλλάξουμε την απάντηση; Σαν μαλάκας;,"{""anchor"": ""#act1e_no_dontchange""}"
scenes/act1.md:895:choice:0,scenes/act1.md,895,choice,0,Change our answer! Don't die alone!,Να αλλάξουμε την απάντηση! Μην πεθάνεις μόνος!,"{""anchor"": ""#act1e_no_changetoyes""}"
scenes/act1.md:898:choice:0,scenes/act1.md,898,choice,0,Yeah they were totally subtweeting us.,Ναι μας έκαναν σίγουρα subtweet.,"{""anchor"": ""#act1e_ignore_subtweet""}"
scenes/act1.md:902:choice:0,scenes/act1.md,902,choice,0,Wait we retweeted without fact-checking.,"Περίμενε, κάναμε retweet χωρίς fact-checking.","{""anchor"": ""#act1e_ignore_factcheck""}"
scenes/act1.md:906:choice:0,scenes/act1.md,906,choice,0,"You know, you've got really bad posture?","Ξέρεις, έχεις πολύ κακή στάση σώματος;","{""anchor"": ""#act1e_ignore_posture""}"
scenes/act1.md:913:dialogue:0,scenes/act1.md,913,dialogue,0,Everybody was counting on us!,Όλοι μετρούσαν πάνω μας!,"{""speaker"": ""b""}"
scenes/act1.md:915:dialogue:0,scenes/act1.md,915,dialogue,0,...to leave them alone and let them have a nice party without a horrible disgusting {{if _.whitebread}}white-bread-munching{{/if}} creep like u--,...να τους αφήσουμε ήσυχους και να έχουν ωραίο πάρτι χωρίς έναν απαίσιο αηδιαστικό {{if _.whitebread}}τρώγοντα-λευκό-ψωμί{{/if}} creep σαν εμ--,"{""speaker"": ""b""}"
scenes/act1.md:931:dialogue:0,scenes/act1.md,931,dialogue,0,Shut up shut up I'll keep it as no!,Σώπα σώπα θα το κρατήσω ως όχι!,"{""speaker"": ""h""}"
scenes/act1.md:942:dialogue:0,scenes/act1.md,942,dialogue,0,Chronic loneliness increases our cortisol levels as well as risk for cardiovascular disease and stroke!,Η χρόνια μοναξιά αυξάνει τα επίπεδα κορτιζόλης μας καθώς και τον κίνδυνο καρδιαγγειακών νοσημάτων και εγκεφαλικού!,"{""speaker"": ""b""}"
scenes/act1.md:952:dialogue:0,scenes/act1.md,952,dialogue,0,FIFTEEN. CIGARETTES.,ΔΕΚΑΠΕΝΤΕ. ΤΣΙΓΑΡΑ.,"{""speaker"": ""b""}"
scenes/act1.md:961:dialogue:0,scenes/act1.md,961,dialogue,0,Shut up shut up I'll change my answer to yes! God!,Σώπα σώπα θα αλλάξω την απάντηση σε ναι! Θεέ!,"{""speaker"": ""h""}"
scenes/act1.md:972:dialogue:0,scenes/act1.md,972,dialogue,0,All our problematic tweets have come back to roost!,Όλα τα προβληματικά μας tweets γύρισαν να μας βρουν!,"{""speaker"": ""b""}"
scenes/act1.md:979:dialogue:0,scenes/act1.md,979,dialogue,0,We're gonna get called out and cancelled and dragged with a rope on horseback down the information superhighway!,Θα μας εκθέσουν και θα μας cancelάρουν και θα μας σύρουν με σκοινί σε άλογο στην υπερ-αυτοκινητόδρομο πληροφοριών!,"{""speaker"": ""b""}"
scenes/act1.md:994:dialogue:0,scenes/act1.md,994,dialogue,0,Why are you like this?!,Γιατί είσαι έτσι;,"{""speaker"": ""h""}"
scenes/act1.md:1005:dialogue:0,scenes/act1.md,1005,dialogue,0,We're spreading disinformation! We're destroying trust in a free press!,Διαδίδουμε παραπληροφόρηση! Καταστρέφουμε την εμπιστοσύνη στον ελεύθερο Τύπο!,"{""speaker"": ""b""}"
scenes/act1.md:1012:dialogue:0,scenes/act1.md,1012,dialogue,0,We're the reason fascism will arise from the rubble of democracy!,Είμαστε ο λόγος που ο φασισμός θα αναδυθεί από τα ερείπια της δημοκρατίας!,"{""speaker"": ""b""}"
scenes/act1.md:1028:dialogue:0,scenes/act1.md,1028,dialogue,0,Why are you like this?!,Γιατί είσαι έτσι;,"{""speaker"": ""h""}"
scenes/act1.md:1039:dialogue:0,scenes/act1.md,1039,dialogue,0,Do you want to have a pretzel for a spine?! Stop hunching over your screen!,Θέλεις να έχεις σπονδυλική στήλη σαν πρέτζελ; Σταμάτα να σκύβεις πάνω στην οθόνη!,"{""speaker"": ""b""}"
scenes/act1.md:1045:dialogue:0,scenes/act1.md,1045,dialogue,0,That means you too.,Αυτό σημαίνει κι εσύ.,"{""speaker"": ""b""}"
scenes/act1.md:1061:dialogue:0,scenes/act1.md,1061,dialogue,0,Why are you like this?!,Γιατί είσαι έτσι;,"{""speaker"": ""h""}"
scenes/act1.md:1069:dialogue:0,scenes/act1.md,1069,dialogue,0,Hm... that looks really fun.,Χμ... φαίνεται πολύ διασκεδαστικό.,"{""speaker"": ""h""}"
scenes/act1.md:1071:dialogue:0,scenes/act1.md,1071,dialogue,0,Maybe I shouldn't have ignored the invite?,Ίσως δεν έπρεπε να είχα αγνοήσει την πρόσκληση;,"{""speaker"": ""h""}"
scenes/act1.md:1075:choice:0,scenes/act1.md,1075,choice,0,"Keep ignoring, we're still party poopers.","Συνέχισε να αγνοείς, είμαστε ακόμα party poopers.","{""anchor"": ""#act1e_ignore_continue""}"
scenes/act1.md:1077:choice:0,scenes/act1.md,1077,choice,0,"Actually, say yes.","Όντως, πες ναι.","{""anchor"": ""#act1e_ignore_changetoyes""}"
scenes/act1.md:1079:choice:0,scenes/act1.md,1079,choice,0,"Actually, say no.","Όντως, πες όχι.","{""anchor"": ""#act1e_ignore_changetono""}"
scenes/act1.md:1085:dialogue:0,scenes/act1.md,1085,dialogue,0,"It's kinda rude to keep ignoring them though, no?","Είναι λίγο αγενές να τους αγνοείς συνέχεια όμως, έτσι δεν είναι;","{""speaker"": ""h""}"
scenes/act1.md:1089:dialogue:0,scenes/act1.md,1089,dialogue,0,"Well other people always ignore *us*, so","Λοιπόν οι άλλοι πάντα αγνοούν *εμάς*, οπότε","{""speaker"": ""b""}"
scenes/act1.md:1100:dialogue:0,scenes/act1.md,1100,dialogue,0,so let's just call it even.,ας το κάνουμε κουβάρι.,"{""speaker"": ""b""}"
scenes/act1.md:1108:dialogue:0,scenes/act1.md,1108,dialogue,0,You're... letting me have fun?,Μου... αφήνεις να διασκεδάσω;,"{""speaker"": ""h""}"
scenes/act1.md:1110:dialogue:0,scenes/act1.md,1110,dialogue,0,"Well, I mean, loneliness *can* kill us.","Λοιπόν, εννοώ, η μοναξιά *μπορεί* να μας σκοτώσει.","{""speaker"": ""b""}"
scenes/act1.md:1120:dialogue:0,scenes/act1.md,1120,dialogue,0,It's too crowded. Crowds are dangerous.,Είναι πολύ γεμάτο. Τα πλήθη είναι επικίνδυνα.,"{""speaker"": ""b""}"
scenes/act1.md:1132:dialogue:0,scenes/act1.md,1132,dialogue,0,Whatever. New Tinder notification.,"Ό,τι νά 'ναι. Νέα ειδοποίηση Tinder.","{""speaker"": ""h""}"
scenes/act1.md:1136:dialogue:0,scenes/act1.md,1136,dialogue,0,"What, that hookup app?","Τι, αυτή η εφαρμογή για one-night stands;","{""speaker"": ""b""}"
scenes/act1.md:1140:dialogue:0,scenes/act1.md,1140,dialogue,0,"It's not a hookup app, it's just a way to meet new peopl--","Δεν είναι εφαρμογή για one-night stands, είναι απλώς τρόπος να γνωρίσεις νέους ανθρώπ--","{""speaker"": ""h""}"
scenes/act1.md:1144:dialogue:0,scenes/act1.md,1144,dialogue,0,It's a hookup app.,Είναι εφαρμογή για one-night stands.,"{""speaker"": ""b""}"
scenes/act1.md:1151:dialogue:0,scenes/act1.md,1151,dialogue,0,"Oh, I got a match! They look cute!","Ω, έκανα match! Φαίνονται χαριτωμένοι!","{""speaker"": ""h""}"
scenes/act1.md:1158:dialogue:0,scenes/act1.md,1158,dialogue,0,Please don't ruin this for m--,Μην το χαλάσεις για μέ--,"{""speaker"": ""h""}"
scenes/act1.md:1165:dialogue:0,scenes/act1.md,1165,dialogue,0,DANGER DANGER DANGER DANGER DANGER DANGER,ΚΙΝΔΥΝΟΣ ΚΙΝΔΥΝΟΣ ΚΙΝΔΥΝΟΣ ΚΙΝΔΥΝΟΣ ΚΙΝΔΥΝΟΣ ΚΙΝΔΥΝΟΣ,"{""speaker"": ""b""}"
scenes/act1.md:1169:choice:0,scenes/act1.md,1169,choice,0,We're being *used* by other people.,Μας *χρησιμοποιούν* άλλοι άνθρωποι.,"{""anchor"": ""#act1f_used_by_others""}"
scenes/act1.md:1171:choice:0,scenes/act1.md,1171,choice,0,We're just *using* other people.,Απλώς *χρησιμοποιούμε* άλλους ανθρώπους.,"{""anchor"": ""#act1f_using_others""}"
scenes/act1.md:1173:choice:0,scenes/act1.md,1173,choice,0,YOUR MATCH IS A SERIAL KILLER,ΤΟ MATCH ΣΟΥ ΕΙΝΑΙ ΣΕΡΙΑΛ ΚΙΛΕΡ,"{""anchor"": ""#act1f_killer""}"
scenes/act1.md:1179:dialogue:0,scenes/act1.md,1179,dialogue,0,"Random hookups may be able to fill the hole down there,","Τα τυχαία one-night stands ίσως γεμίσουν την τρύπα εκεί κάτω,","{""speaker"": ""b""}"
scenes/act1.md:1181:dialogue:0,scenes/act1.md,1181,dialogue,0,but they can never fill the hole...,αλλά δεν μπορούν ποτέ να γεμίσουν την τρύπα...,"{""speaker"": ""b""}"
scenes/act1.md:1185:dialogue:0,scenes/act1.md,1185,dialogue,0,in *here*.,*εδώ* μέσα.,"{""speaker"": ""b""}"
scenes/act1.md:1194:dialogue:0,scenes/act1.md,1194,dialogue,0,The point is WE'RE GOING TO DIE ALONE,Το θέμα είναι ΘΑ ΠΕΘΑΝΟΥΜΕ ΜΟΝΟΙ,"{""speaker"": ""b""}"
scenes/act1.md:1211:dialogue:0,scenes/act1.md,1211,dialogue,0,You think other people's genitals are Pokémon for us to collect?,Νομίζεις ότι τα γεννητικά όργανα άλλων είναι Pokémon για να τα μαζεύουμε;,"{""speaker"": ""b""}"
scenes/act1.md:1225:dialogue:0,scenes/act1.md,1225,dialogue,0,♫ (pokemon theme song)-,♫ (pokemon theme song)-,"{""speaker"": ""b""}"
scenes/act1.md:1234:dialogue:0,scenes/act1.md,1234,dialogue,0,"♫ I wanna be, the ^slut^ti-est-","♫ Θέλω να γίνω, η πιο ^καμμένη^-","{""speaker"": ""b""}"
scenes/act1.md:1243:dialogue:0,scenes/act1.md,1243,dialogue,0,♫ Like no one ever was-,♫ Σαν κανείς ποτέ δεν ήταν-,"{""speaker"": ""b""}"
scenes/act1.md:1252:dialogue:0,scenes/act1.md,1252,dialogue,0,"♫ Thighs n' ^ass^, voluptuous breast-","♫ Μηροί κ' ^κώλοι^, στήθος πληθωρικό-","{""speaker"": ""b""}"
scenes/act1.md:1261:dialogue:0,scenes/act1.md,1261,dialogue,0,♫ with sweaty ^dick^ and balls!-,♫ με ^dick^ και balls ιδρωμένα!-,"{""speaker"": ""b""}"
scenes/act1.md:1270:dialogue:0,scenes/act1.md,1270,dialogue,0,♫ PERVY-MON! GOTTA CA-,♫ ΠΕΡΒΥ-MON! ΠΡΕΠΕΙ ΝΑ ΤΑ--,"{""speaker"": ""b""}"
scenes/act1.md:1280:dialogue:0,scenes/act1.md,1280,dialogue,0,The point is we're a manipulative creep.,Το θέμα είναι ότι είμαστε χειριστικό creep.,"{""speaker"": ""b""}"
scenes/act1.md:1298:dialogue:0,scenes/act1.md,1298,dialogue,0,They'll trap you in a well and force-feed you white bread to fatten you up so they can wear your skin like a suit!,Θα σε παγιδεύσουν σε ένα πηγάδι και θα σου ταΐζουν λευκό ψωμί να σε παχύνουν για να φορέσουν το δέρμα σου σαν κοστούμι!,"{""speaker"": ""b""}"
scenes/act1.md:1302:dialogue:0,scenes/act1.md,1302,dialogue,0,"They'll bludgeon you with a pomodoro timer and say ""YOU SHOULDA BEEN MORE PRODUCTIVE YOU PARASITE""",Θα σε κοπανήσουν με χρονόμετρο pomodoro και θα πουν «ΕΠΡΕΠΕ ΝΑ ΗΣΟΥΝ ΠΙΟ ΠΑΡΑΓΩΓΙΚΟΣ ΠΑΡΑΣΙΤΟ»,"{""speaker"": ""b""}"
scenes/act1.md:1306:dialogue:0,scenes/act1.md,1306,dialogue,0,"They'll tear your flesh to gory confetti, turn your entrails into streamers, and mix your blood into a punch bowl!","Θα σκίσουν τη σάρκα σου σε αιματηρά κομφετί, θα κάνουν τα σπλάχνα σου κορδέλες, και θα ανακατέψουν το αίμα σου σε μπολ με punch!","{""speaker"": ""b""}"
scenes/act1.md:1310:dialogue:0,scenes/act1.md,1310,dialogue,0,How's THAT for a party invite?!,Πώς σου φαίνεται αυτό για πρόσκληση σε πάρτι;,"{""speaker"": ""b""}"
scenes/act1.md:1333:dialogue:0,scenes/act1.md,1333,dialogue,0,...,...,"{""speaker"": ""h""}"
scenes/act1.md:1337:dialogue:0,scenes/act1.md,1337,dialogue,0,i'm so sick of this game.,βαρέθηκα αυτό το παιχνίδι.,"{""speaker"": ""h""}"
scenes/act1.md:1354:dialogue:0,scenes/act1.md,1354,dialogue,0,i just want to live my life.,απλώς θέλω να ζήσω τη ζωή μου.,"{""speaker"": ""h""}"
scenes/act1.md:1356:dialogue:0,scenes/act1.md,1356,dialogue,0,i just want to be free from all this... pain.,απλώς θέλω να είμαι ελεύθερος από όλο αυτό... τον πόνο.,"{""speaker"": ""h""}"
scenes/act1.md:1360:dialogue:0,scenes/act1.md,1360,dialogue,0,Hey... human...,Χέι... άνθρωπο...,"{""speaker"": ""b""}"
scenes/act1.md:1364:dialogue:0,scenes/act1.md,1364,dialogue,0,It'll be okay.,Θα πάει καλά.,"{""speaker"": ""b""}"
scenes/act1.md:1370:dialogue:0,scenes/act1.md,1370,dialogue,0,"As your loyal guard-wolf, I'll always keep an eye out for danger, and do my best to keep you safe.","Ως ο πιστός σου λύκος-φύλακας, θα κρατάω πάντα τα μάτια μου ανοιχτά για κίνδυνο, και θα κάνω ό,τι μπορώ να σε κρατήσω ασφαλή.","{""speaker"": ""b""}"
scenes/act1.md:1374:dialogue:0,scenes/act1.md,1374,dialogue,0,I promise.,Το υπόσχομαι.,"{""speaker"": ""b""}"
scenes/act1.md:1383:dialogue:0,scenes/act1.md,1383,dialogue,0,Last app. Instagram. What you got?,Τελευταία εφαρμογή. Instagram. Τι έχεις;,"{""speaker"": ""h""}"
scenes/act1.md:1387:dialogue:0,scenes/act1.md,1387,dialogue,0,It's... more party pictures.,Είναι... περισσότερες φωτογραφίες από πάρτι.,"{""speaker"": ""h""}"
scenes/act1.md:1391:dialogue:0,scenes/act1.md,1391,dialogue,0,Everyone looks so happy. Free from worry. Free from anxiety.,Όλοι φαίνονται τόσο χαρούμενοι. Ελεύθεροι από ανησυχίες. Ελεύθεροι από άγχος.,"{""speaker"": ""h""}"
scenes/act1.md:1395:dialogue:0,scenes/act1.md,1395,dialogue,0,"God, why can't I be like them? Why can't I just be *normal?*","Θεέ, γιατί δεν μπορώ να είμαι σαν αυτούς; Γιατί δεν μπορώ απλώς να είμαι *κανονικός;*","{""speaker"": ""h""}"
scenes/act1.md:1399:dialogue:0,scenes/act1.md,1399,dialogue,0,"Speaking of parties, about this weekend's invite. Here's my FINAL decision:","Μιλώντας για πάρτι, για την πρόσκληση αυτού του Σαββατοκύριακου. Η ΤΕΛΙΚΗ μου απόφαση:","{""speaker"": ""b""}"
scenes/act1.md:1403:choice:0,scenes/act1.md,1403,choice,0,We should go.,Πρέπει να πάμε.,"{""anchor"": ""#act1g_go""}"
scenes/act1.md:1405:choice:0,scenes/act1.md,1405,choice,0,We should not go.,Δεν πρέπει να πάμε.,"{""anchor"": ""#act1g_dont""}"
scenes/act1.md:1421:dialogue:0,scenes/act1.md,1421,dialogue,0,We sh--,Πρέπει ν--,"{""speaker"": ""b""}"
scenes/act1.md:1428:dialogue:0,scenes/act1.md,1428,dialogue,0,*^FUCK^.*,*^ΓΑΜΩΤΟ^.*,"{""speaker"": ""h""}"
scenes/act1.md:1432:dialogue:0,scenes/act1.md,1432,dialogue,0,YOU.,ΕΣΥ.,"{""speaker"": ""h""}"
scenes/act1.md:1436:dialogue:0,scenes/act1.md,1436,dialogue,0,w,τ,"{""speaker"": ""b""}"
scenes/act1.md:1442:dialogue:0,scenes/act1.md,1442,dialogue,0,wha?,τι;,"{""speaker"": ""b""}"
scenes/act1.md:1446:dialogue:0,scenes/act1.md,1446,dialogue,0,"I'm going to say YES to that party,","Θα πω ΝΑΙ σε εκείνο το πάρτι,","{""speaker"": ""h""}"
scenes/act1.md:1449:dialogue:0,scenes/act1.md,1449,dialogue,0,"NOT because you want me to, but because *I* want to.","ΟΧΙ επειδή θέλεις εσύ, αλλά επειδή θέλω *εγώ*.","{""speaker"": ""h""}"
scenes/act1.md:1453:dialogue:0,scenes/act1.md,1453,dialogue,0,Precisely BECAUSE you don't want me to.,Ακριβώς ΕΠΕΙΔΗ δεν θέλεις εσύ.,"{""speaker"": ""h""}"
scenes/act1.md:1461:dialogue:0,scenes/act1.md,1461,dialogue,0,You're NOT in control of me.,ΔΕΝ ελέγχεις εμένα.,"{""speaker"": ""h""}"
scenes/act1.md:1468:dialogue:0,scenes/act1.md,1468,dialogue,0,Now excuse me while I eat this delicious sandwich in ^goddamn^ peace.,Τώρα συγχώρησέ με ενώ τρώω αυτό το νόστιμο σάντουιτς με ^γαμημένη^ ησυχία.,"{""speaker"": ""h""}"
scenes/act1.md:1486:dialogue:0,scenes/act1.md,1486,dialogue,0,...,...,"{""speaker"": ""b""}"
scenes/act1.md:1493:dialogue:0,scenes/act1.md,1493,dialogue,0,...,...,"{""speaker"": ""b""}"
scenes/act1.md:1500:dialogue:0,scenes/act1.md,1500,dialogue,0,..................,..................,"{""speaker"": ""b""}"
scenes/act1.md:1506:choice:0,scenes/act1.md,1506,choice,0,AHHHH WE'RE GONNA DIE,ΑΑΑΑΑ ΘΑ ΠΕΘΑΝΟΥΜΕ,"{""anchor"": ""#act1h_death""}"
scenes/act1.md:1508:choice:0,scenes/act1.md,1508,choice,0,AHHHH EVERYONE HATES US,ΑΑΑΑΑ ΜΑΣ ΜΙΣΟΥΝ ΟΛΟΙ,"{""anchor"": ""#act1h_loneliness""}"
scenes/act1.md:1510:choice:0,scenes/act1.md,1510,choice,0,AHHHH WE'RE HORRIBLE PEOPLE,ΑΑΑΑΑ ΕΙΜΑΣΤΕ ΤΡΟΜΕΡΟΙ ΑΝΘΡΩΠΟΙ,"{""anchor"": ""#act1h_worthless""}"
scenes/act1.md:1519:dialogue:0,scenes/act1.md,1519,dialogue,0,AHHHH WE'RE GONNA DIE AAAAAAHHHHHHH,ΑΑΑΑΑ ΘΑ ΠΕΘΑΝΟΥΜΕ ΑΑΑΑΑΑΑΑΑΑ,"{""speaker"": ""b""}"
scenes/act1.md:1537:dialogue:0,scenes/act1.md,1537,dialogue,0,AHHHH EVERYONE HATES US AAAAAAHHHHHHH,ΑΑΑΑΑ ΜΑΣ ΜΙΣΟΥΝ ΟΛΟΙ ΑΑΑΑΑΑΑΑΑΑ,"{""speaker"": ""b""}"
scenes/act1.md:1555:dialogue:0,scenes/act1.md,1555,dialogue,0,AHHHH WE'RE HORRIBLE PEOPLE AAAAAAHHHHHHH,ΑΑΑΑΑ ΕΙΜΑΣΤΕ ΤΡΟΜΕΡΟΙ ΑΝΘΡΩΠΟΙ ΑΑΑΑΑΑΑΑΑΑ,"{""speaker"": ""b""}"
scenes/act1.md:1573:dialogue:0,scenes/act1.md,1573,dialogue,0,CONGRATULATIONS,ΣΥΓΧΑΡΗΤΗΡΙΑ,"{""speaker"": ""n""}"
scenes/act1.md:1577:dialogue:0,scenes/act1.md,1577,dialogue,0,YOU'VE SUCCESSFULLY PROTECTED YOUR HUMAN'S PHYSICAL + SOCIAL + MORAL NEEDS,ΠΡΟΣΤΑΤΕΥΣΕΣ ΕΠΙΤΥΧΩΣ ΤΙΣ ΦΥΣΙΚΕΣ + ΚΟΙΝΩΝΙΚΕΣ + ΗΘΙΚΕΣ ΑΝΑΓΚΕΣ ΤΟΥ ΑΝΘΡΩΠΟΥ ΣΟΥ,"{""speaker"": ""n""}"
scenes/act1.md:1579:dialogue:0,scenes/act1.md,1579,dialogue,0,"WHY, LOOK HOW GRATEFUL THEY ARE!",ΚΟΙΤΑ ΠΩΣ ΕΙΝΑΙ ΕΥΓΝΩΜΟΝΕΣ!,"{""speaker"": ""n""}"
scenes/act1.md:1583:dialogue:0,scenes/act1.md,1583,dialogue,0,"NOW THAT THEIR ENERGY IS ZERO, YOU CAN DIRECTLY CONTROL THEIR ACTIONS","ΤΩΡΑ ΠΟΥ Η ΕΝΕΡΓΕΙΑ ΤΟΥΣ ΕΙΝΑΙ ΜΗΔΕΝ, ΜΠΟΡΕΙΣ ΝΑ ΕΛΕΓΧΕΙΣ ΑΜΕΣΑ ΤΙΣ ΠΡΑΞΕΙΣ ΤΟΥΣ","{""speaker"": ""n""}"
scenes/act1.md:1587:dialogue:0,scenes/act1.md,1587,dialogue,0,PICK YOUR ENDING MOVE,ΔΙΑΛΕΞΕ ΤΗΝ ΤΕΛΙΚΗ ΚΙΝΗΣΗ ΣΟΥ,"{""speaker"": ""n""}"
scenes/act1.md:1591:dialogue:0,scenes/act1.md,1591,dialogue,0,*FINISH THEM*,*ΤΕΛΕΙΩΣΕ ΤΟΥΣ*,"{""speaker"": ""n""}"
scenes/act1.md:1593:choice:0,scenes/act1.md,1593,choice,0,{FIGHT: Punish your stressful phone!},{ΜΑΧΗ: Τιμώρησε το αγχωτικό σου τηλέφωνο!},"{""anchor"": ""#act1i_phone""}"
scenes/act1.md:1595:choice:0,scenes/act1.md,1595,choice,0,{FLIGHT: Curl up in a ball and cry!},{ΦΥΓΗ: Μαζέψου σαν μπάλα και κλάψε!},"{""anchor"": ""#act1i_cry""}"
scenes/act1.md:1601:dialogue:0,scenes/act1.md,1601,dialogue,0,Your phone was giving you a panic attack!,Το τηλέφωνό σου σου έδινε κρίση πανικού!,"{""speaker"": ""b""}"
scenes/act1.md:1605:dialogue:0,scenes/act1.md,1605,dialogue,0,Zuckerberg and Co are hijacking your mental health for venture capitalist money!,Ο Zuckerberg και η παρέα του κάνουν hijack την ψυχική σου υγεία για λεφτά venture capital!,"{""speaker"": ""b""}"
scenes/act1.md:1613:dialogue:0,scenes/act1.md,1613,dialogue,0,Punish your phone! Destroy it! Kill it!,Τιμώρησε το τηλέφωνό σου! Κατάστρεψέ το! Σκότωσέ το!,"{""speaker"": ""b""}"
scenes/act1.md:1622:dialogue:0,scenes/act1.md,1622,dialogue,0,KILL IT KILL IT KILL IT KILL IT KILL IT KILL IT KILL IT KILL IT KILL IT KILL IT KILL IT KILL IT KILL IT KILL IT KILL IT KILL I--,ΣΚΟΤΩΣΕ ΤΟ ΣΚΟΤΩΣΕ ΤΟ ΣΚΟΤΩΣΕ ΤΟ ΣΚΟΤΩΣΕ ΤΟ ΣΚΟΤΩΣΕ ΤΟ ΣΚΟΤΩΣΕ ΤΟ ΣΚΟΤΩΣΕ ΤΟ ΣΚΟΤΩΣΕ ΤΟ ΣΚΟΤΩΣΕ ΤΟ ΣΚΟΤΩΣΕ ΤΟ ΣΚΟΤΩΣΕ ΤΟ ΣΚΟΤΩΣΕ ΤΟ ΣΚΟΤΩΣΕ ΤΟ ΣΚΟΤΩΣΕ ΤΟ ΣΚ--,"{""speaker"": ""b""}"
scenes/act1.md:1630:dialogue:0,scenes/act1.md,1630,dialogue,0,The whole world is filled with danger!,Ολόκληρος ο κόσμος είναι γεμάτος κίνδυνο!,"{""speaker"": ""b""}"
scenes/act1.md:1638:dialogue:0,scenes/act1.md,1638,dialogue,0,Do like the armadillo! Curl up into a ball for self-defense!,Κάνε σαν το αρμαντίγιο! Μαζέψου σαν μπάλα για αυτοάμυνα!,"{""speaker"": ""b""}"
scenes/act1.md:1647:dialogue:0,scenes/act1.md,1647,dialogue,0,CURL UP AND CRY CURL UP AND CRY CURL UP AND CRY CURL UP AND CRY CURL UP AND CRY CURL UP AND CR-- ,ΜΑΖΕΨΟΥ ΚΑΙ ΚΛΑΨΕ ΜΑΖΕΨΟΥ ΚΑΙ ΚΛΑΨΕ ΜΑΖΕΨΟΥ ΚΑΙ ΚΛΑΨΕ ΜΑΖΕΨΟΥ ΚΑΙ ΚΛΑΨΕ ΜΑΖΕΨΟΥ ΚΑΙ ΚΛΑ-- ,"{""speaker"": ""b""}"
scenes/act2.md:26:dialogue:0,scenes/act2.md,26,dialogue,0,"But did you *see* that ""news story"" about that horrible thing happening somewhere?","Αλλά *είδες* εκείνο το ""νέο"" για το φρικτό πράγμα που γίνεται κάπου;","{""speaker"": ""s""}"
scenes/act2.md:33:dialogue:0,scenes/act2.md,33,dialogue,0,h-hi...,γ-γεια...,"{""speaker"": ""h2""}"
scenes/act2.md:41:dialogue:0,scenes/act2.md,41,dialogue,0,God I hate the news. It's all sensationalism and clickbait.,Θεέ μου μισώ τα νέα. Όλα είναι σενσασιοθηλία και clickbait.,"{""speaker"": ""a""}"
scenes/act2.md:48:dialogue:0,scenes/act2.md,48,dialogue,0,n... nice party...,ω... ωραίο πάρτι...,"{""speaker"": ""h2""}"
scenes/act2.md:56:dialogue:0,scenes/act2.md,56,dialogue,0,"True, but they're just following incentives. The *real* problem is people who click the clickbait.","Σωστά, απλά ακολουθούν τα κίνητρα. Το *πραγματικό* πρόβλημα είναι οι άνθρωποι που κάνουν κλικ στο clickbait.","{""speaker"": ""s""}"
scenes/act2.md:62:dialogue:0,scenes/act2.md,62,dialogue,0,"Who would retweet a terrible news story, and make all their friends feel bad?",Ποιος θα κάνει retweet φρικτό νέο και θα κάνει τους φίλους του να νιώθουν άσχημα;,"{""speaker"": ""s""}"
scenes/act2.md:70:dialogue:0,scenes/act2.md,70,dialogue,0,"Ugh, I know right?","Φι, το'ξερω ε;","{""speaker"": ""a""}"
scenes/act2.md:81:dialogue:0,scenes/act2.md,81,dialogue,0,"But did you *see* that ""news story"" going viral?","Αλλά *είδες* εκείνο το ""νέο"" που έγινε viral;","{""speaker"": ""s""}"
scenes/act2.md:88:dialogue:0,scenes/act2.md,88,dialogue,0,h-hi...,γ-γεια...,"{""speaker"": ""h2""}"
scenes/act2.md:96:dialogue:0,scenes/act2.md,96,dialogue,0,"Yeah, totally fake. Who would fall for that and retweet it?","Ναι, εντελώς ψεύτικο. Ποιος θα το'πιστευε και θα κάνει retweet;","{""speaker"": ""a""}"
scenes/act2.md:103:dialogue:0,scenes/act2.md,103,dialogue,0,n... nice party...,ω... ωραίο πάρτι...,"{""speaker"": ""h2""}"
scenes/act2.md:111:dialogue:0,scenes/act2.md,111,dialogue,0,"Seriously dude. Like, hello, open up Google and factcheck first?","Σοβαρά ρε. Έλα, άνοιξε Google και κάνε fact-check πρώτα;","{""speaker"": ""s""}"
scenes/act2.md:119:dialogue:0,scenes/act2.md,119,dialogue,0,"Ugh, I know right?","Φι, το'ξερω ε;","{""speaker"": ""a""}"
scenes/act2.md:130:dialogue:0,scenes/act2.md,130,dialogue,0,"Like I was saying, the Meme Industrial Complex exploits cats.","Όπως έλεγα, το Meme Industrial Complex εκμεταλλεύεται γάτες.","{""speaker"": ""s""}"
scenes/act2.md:137:dialogue:0,scenes/act2.md,137,dialogue,0,h-hi...,γ-γεια...,"{""speaker"": ""h2""}"
scenes/act2.md:145:dialogue:0,scenes/act2.md,145,dialogue,0,Elaborate on this thesis.,Εξήγησε αυτή τη διατριβή.,"{""speaker"": ""a""}"
scenes/act2.md:152:dialogue:0,scenes/act2.md,152,dialogue,0,n... nice party...,ω... ωραίο πάρτι...,"{""speaker"": ""h2""}"
scenes/act2.md:160:dialogue:0,scenes/act2.md,160,dialogue,0,"Well, I saw someone retweet a GIF of a cat drinking milk yesterday.","Λοιπόν, είδα κάποιον να κάνει retweet GIF γάτας που πίνει γάλα χθες.","{""speaker"": ""s""}"
scenes/act2.md:166:dialogue:0,scenes/act2.md,166,dialogue,0,They can't digest that ^crap^! Who would retweet *animal abuse* like that?,Δεν χωνεύουν αυτά τα ^σκατά^! Ποιος θα κάνει retweet *κακοποίηση ζώων* έτσι;,"{""speaker"": ""s""}"
scenes/act2.md:174:dialogue:0,scenes/act2.md,174,dialogue,0,"Ugh, I know right?","Φι, το'ξερω ε;","{""speaker"": ""a""}"
scenes/act2.md:185:dialogue:0,scenes/act2.md,185,dialogue,0,So yeah they never replied back!,"Και ναι, δεν απάντησαν ποτέ!","{""speaker"": ""s""}"
scenes/act2.md:192:dialogue:0,scenes/act2.md,192,dialogue,0,h-hi...,γ-γεια...,"{""speaker"": ""h2""}"
scenes/act2.md:200:dialogue:0,scenes/act2.md,200,dialogue,0,Even though you both matched each other on Tinder?,Ακόμα κι αν κάνατε match στο Tinder;,"{""speaker"": ""a""}"
scenes/act2.md:207:dialogue:0,scenes/act2.md,207,dialogue,0,n... nice party...,ω... ωραίο πάρτι...,"{""speaker"": ""h2""}"
scenes/act2.md:232:dialogue:0,scenes/act2.md,232,dialogue,0,"Yeah I dunno! What, did they think I was a *serial killer* or something? So paranoid.","Ναι δεν ξέρω! Τι, νόμιζαν ότι είμαι *σειριακός δολοφόνος* ή κάτι; Τόσο παράνοικοι.","{""speaker"": ""s""}"
scenes/act2.md:240:dialogue:0,scenes/act2.md,240,dialogue,0,"Ugh, I know right?","Φι, το'ξερω ε;","{""speaker"": ""a""}"
scenes/act2.md:252:dialogue:0,scenes/act2.md,252,dialogue,0,Yeah I dunno! Maybe they think hookups can't fill the hole in their heart?,Ναι δεν ξέρω! Ίσως νομίζουν ότι τα hookups δεν γεμίζουν το κενό στην καρδιά τους;,"{""speaker"": ""s""}"
scenes/act2.md:254:dialogue:0,scenes/act2.md,254,dialogue,0,"Stop being such a prude! Open your mind, then open your legs!","Μην είσαι τόσο πουριτανός! Άνοιξε το μυαλό σου, μετά άνοιξε τα πόδια σου!","{""speaker"": ""s""}"
scenes/act2.md:262:dialogue:0,scenes/act2.md,262,dialogue,0,"Ugh, I know right?","Φι, το'ξερω ε;","{""speaker"": ""a""}"
scenes/act2.md:274:dialogue:0,scenes/act2.md,274,dialogue,0,"Yeah I dunno! They weren't that hot, but they would have been a nice catch!","Ναι δεν ξέρω! Δεν ήταν τόσο καυτός/ή, αλλά θα ήταν καλό κομμάτι!","{""speaker"": ""s""}"
scenes/act2.md:282:dialogue:0,scenes/act2.md,282,dialogue,0,Gotta Catch 'Em All!™,Πιάσ' τα Όλα!™,"{""speaker"": ""a""}"
scenes/act2.md:303:dialogue:0,scenes/act2.md,303,dialogue,0,ROUND TWO: *FIGHT!*,ΓΥΡΟΣ ΔΥΟ: *ΜΑΧΗ!*,"{""speaker"": ""n""}"
scenes/act2.md:305:choice:0,scenes/act2.md,305,choice,0,Oh no they all hate us!,"Ωχ όχι, μας μισούν όλοι!","{""anchor"": ""#act2a_social""}"
scenes/act2.md:307:choice:0,scenes/act2.md,307,choice,0,Were you *ogling* the redhead?,Κοίταγες *χαζά* την κοκκινομάλλα;,"{""anchor"": ""#act2a_perv""}"
scenes/act2.md:309:choice:0,scenes/act2.md,309,choice,0,"Hey, let's talk about the meaning of life.","Έλα, ας μιλήσουμε για το νόημα της ζωής.","{""anchor"": ""#act2a_meaning""}"
scenes/act2.md:315:dialogue:0,scenes/act2.md,315,dialogue,0,We're bringing down the mood of this party by being such a sad lump!,Ρίχνουμε τη διάθεση στο πάρτι επειδή είμαστε τέτοιο λυπημένο κομμάτι!,"{""speaker"": ""b""}"
scenes/act2.md:319:dialogue:0,scenes/act2.md,319,dialogue,0,We're killing the good vibes! We're committing first-degree vibe-murder!,Σκοτώνουμε τα good vibes! Κάνουμε φόνο vibe πρώτου βαθμού!,"{""speaker"": ""b""}"
scenes/act2.md:323:dialogue:0,scenes/act2.md,323,dialogue,0,"Human, we have to leave *now* before--","Άνθρωπος, πρέπει να φύγουμε *τώρα* πριν--","{""speaker"": ""b""}"
scenes/act2.md:336:dialogue:0,scenes/act2.md,336,dialogue,0,"They're more attractive than us, which means if we even *look* at them, then--","Είναι πιο ελκυστικοί από εμάς, που σημαίνει αν τους *κοιτάξουμε* έστω, τότε--","{""speaker"": ""b""}"
scenes/act2.md:340:dialogue:0,scenes/act2.md,340,dialogue,0,WE'RE CREEPS,ΕΙΜΑΣΤΕ CREEP,"{""speaker"": ""b""}"
scenes/act2.md:344:dialogue:0,scenes/act2.md,344,dialogue,0,"We're creepy, evil, bad bad bad terrible terrible perv--","Είμαστε creepy, κακοί κακοί κακοί τρομεροί τρομεροί περ--","{""speaker"": ""b""}"
scenes/act2.md:357:dialogue:0,scenes/act2.md,357,dialogue,0,"At the end of it all, what can we possibly do that really matters? ","Στο τέλος της μέρας, τι μπορούμε να κάνουμε που πραγματικά μετράει;","{""speaker"": ""b""}"
scenes/act2.md:361:dialogue:0,scenes/act2.md,361,dialogue,0,Contribute to humanity? All great works decay the way of Ozymandias. Love? Death will always do it part.,Να συνεισφέρουμε στην ανθρωπότητα; Όλα τα μεγάλα έργα σαπίζουν σαν τον Ozymandias. Αγάπη; Ο θάνατος πάντα κάνει το κομμάτι του.,"{""speaker"": ""b""}"
scenes/act2.md:365:dialogue:0,scenes/act2.md,365,dialogue,0,And how much death there is! *We* will die. *Our loved ones* will die.,Και πόσος θάνατος υπάρχει! *Εμείς* θα πεθάνουμε. *Οι αγαπημένοι μας* θα πεθάνουν.,"{""speaker"": ""b""}"
scenes/act2.md:369:dialogue:0,scenes/act2.md,369,dialogue,0,"Heck, the Second Law of Thermodynamics means even our *universe* will die!","Μάλιστα, ο Δεύτερος Νόμος της Θερμοδυναμικής σημαίνει ότι ακόμα κι ο *σύμπαν* μας θα πεθάνει!","{""speaker"": ""b""}"
scenes/act2.md:373:dialogue:0,scenes/act2.md,373,dialogue,0,"Oh, ""death makes us appreciate life""? That's like saying slavery is good because it makes us appreciate freedom!","Ω, ""ο θάνατος μας κάνει να εκτιμούμε τη ζωή""; Σαν να λες η δουλεία είναι καλή γιατί μας κάνει να εκτιμούμε την ελευθερία!","{""speaker"": ""b""}"
scenes/act2.md:377:dialogue:0,scenes/act2.md,377,dialogue,0,"Oh, ""you need to make your own meaning""? That's what cultists and conspiracy theorists do!","Ω, ""πρέπει να φτιάξεις το δικό σου νόημα""; Αυτό κάνουν οι κουλτίστες και οι θεωρητικοί συνωμοσίας!","{""speaker"": ""b""}"
scenes/act2.md:381:dialogue:0,scenes/act2.md,381,dialogue,0,"Life has no meaning, death has no meaning, even *meaning* has no meaning! What is a mortal soul supposed to--","Η ζωή δεν έχει νόημα, ο θάνατος δεν έχει νόημα, ακόμα και το *νόημα* δεν έχει νόημα! Τι είναι να κάνει μια θνητή ψυχή--","{""speaker"": ""b""}"
scenes/act2.md:394:dialogue:0,scenes/act2.md,394,dialogue,0,...,...,"{""speaker"": ""b""}"
scenes/act2.md:398:dialogue:0,scenes/act2.md,398,dialogue,0,"Um... can you hear me, human?","Εμ... με ακούς, άνθρωπος;","{""speaker"": ""b""}"
scenes/act2.md:402:dialogue:0,scenes/act2.md,402,dialogue,0,...,...,"{""speaker"": ""b""}"
scenes/act2.md:406:dialogue:0,scenes/act2.md,406,dialogue,0,*GASP*,*ΑΝΑΡΡΟΦΗΣΗ*,"{""speaker"": ""b""}"
scenes/act2.md:410:dialogue:0,scenes/act2.md,410,dialogue,0,I MUST WARN YOU ABOUT...,ΠΡΕΠΕΙ ΝΑ Σ' ΠΡΟΕΙΔΟΠΟΙΗΣΩ ΓΙΑ...,"{""speaker"": ""b""}"
scenes/act2.md:412:choice:0,scenes/act2.md,412,choice,0,*More* of the same danger!,*Περισσότερο* από τον ίδιο κίνδυνο!,"{""anchor"": ""#act2b_louder""}"
scenes/act2.md:415:choice:0,scenes/act2.md,415,choice,0,A *different* social danger!,Έναν *άλλο* κοινωνικό κίνδυνο!,"{""anchor"": ""#act2b_different_social""}"
scenes/act2.md:419:choice:0,scenes/act2.md,419,choice,0,A *different* moral danger!,Έναν *άλλο* ηθικό κίνδυνο!,"{""anchor"": ""#act2b_different_moral""}"
scenes/act2.md:422:choice:0,scenes/act2.md,422,choice,0,You're ignoring danger! That's dangerous!,Αγνοείς τον κίνδυνο! Αυτό είναι επικίνδυνο!,"{""anchor"": ""#act2b_ignore""}"
scenes/act2.md:444:dialogue:0,scenes/act2.md,444,dialogue,0,EMOTIONS ARE CONTAGIOUS! SO IF YOU DON'T LEAVE YOU'LL INFECT EVERYONE WITH YOUR MENTAL ILLNESS! ,ΤΑ ΣΥΝΑΙΣΘΗΜΑΤΑ ΜΕΤΑΔΙΔΟΝΤΑΙ! ΑΝ ΔΕ ΦΥΓΕΙΣ ΘΑ ΜΟΛΥΝΕΙΣ ΟΛΟΥΣ ΜΕ ΤΗ ΨΥΧΙΚΗ ΣΟΥ ΑΡΡΩΣΤΙΑ!,"{""speaker"": ""b""}"
scenes/act2.md:446:dialogue:0,scenes/act2.md,446,dialogue,0,You'll create a deadly outbreak of SAD LUMP SYNDROME,Θα δημιουργήσεις θανατηφόρο έξαρση του SAD LUMP SYNDROME,"{""speaker"": ""b""}"
scenes/act2.md:450:dialogue:0,scenes/act2.md,450,dialogue,0,We need to get out of here and quarantine ourselves forever in a small room with Netflix and food delivery!,Πρέπει να φύγουμε και να κλειστούμε για πάντα σε ένα μικρό δωμάτιο με Netflix και delivery!,"{""speaker"": ""b""}"
scenes/act2.md:464:dialogue:0,scenes/act2.md,464,dialogue,0,DON'T BE A CREEP. IT'S AGAINST THE LAW!,ΜΗΝ ΕΙΣΑΙ CREEP. ΕΙΝΑΙ ΠΑΡΑΝΟΜΟ!,"{""speaker"": ""b""}"
scenes/act2.md:489:dialogue:0,scenes/act2.md,489,dialogue,0,"Creep Law, Section 74.5: (1) Any Person who checks out (a) those muscular shoulders (b) that bubble booty (2) shall be hereby known as","Creep Law, Τμήμα 74.5: (1) Κάθε Άτομο που κοιτάζει (α) αυτούς τους μυώδεις ώμους (β) εκείνο το bubble booty (2) θα ονομάζεται εξ'αδέλφου","{""speaker"": ""b""}"
scenes/act2.md:493:dialogue:0,scenes/act2.md,493,dialogue,0,"""A BIG DISGUSTING TRASH PERVERT""","""ΜΕΓΑΛΟ ΑΠΟΡΡΗΤΟ ΣΚΟΥΠΙΔΙ ΠΕΡΒΕΡΤ""","{""speaker"": ""b""}"
scenes/act2.md:507:dialogue:0,scenes/act2.md,507,dialogue,0,"Actually, even if you find a noble purpose in life, you can *still* mess everything up!","Μάλιστα, ακόμα κι αν βρεις ευγενή σκοπό στη ζωή, μπορείς *ακόμα* να τα χαλάσεις όλα!","{""speaker"": ""b""}"
scenes/act2.md:511:dialogue:0,scenes/act2.md,511,dialogue,0,Alfred Nobel wanted world peace and for cultures to understand each other. So he decided to make travel easier.,Ο Alfred Nobel ήθελε παγκόσμια ειρήνη και οι πολιτισμοί να καταλαβαίνονται. Γι'αυτό αποφάσισε να κάνει τα ταξίδια πιο εύκολα.,"{""speaker"": ""b""}"
scenes/act2.md:515:dialogue:0,scenes/act2.md,515,dialogue,0,"So he needed a way to cheaply create train tunnels. So he invented a new material called ""dynamite""...","Χρειαζόταν τρόπο να φτιάχνει σιδηροδρομικές σήραγγες φτηνά. Γι'αυτό εφηύρε ένα νέο υλικό που το ονόμασε ""dynamite""...","{""speaker"": ""b""}"
scenes/act2.md:519:dialogue:0,scenes/act2.md,519,dialogue,0,which was used in World War I to KILL MILLIONS OF PEOPLE,που χρησιμοποιήθηκε στον Πρώτο Παγκόσμιο Πόλεμο για να ΣΚΟΤΩΣΟΥΝ ΕΚΑΤΟΜΜΥΡΙΑ ΑΝΘΡΩΠΟΥΣ,"{""speaker"": ""b""}"
scenes/act2.md:523:dialogue:0,scenes/act2.md,523,dialogue,0,"IT'S THE BUTTERFLY EFFECT, HUMAN! HOW MANY PEOPLE ARE YOU ACCIDENTALLY KILLING RIGHT NOW","ΕΙΝΑΙ ΤΟ BUTTERFLY EFFECT, ΑΝΘΡΩΠΕ! ΠΟΣΟΥΣ ΑΝΘΡΩΠΟΥΣ ΣΚΟΤΩΝΕΙΣ ΤΩΡΑ ΧΩΡΙΣ ΝΑ ΤΟ ΞΕΡΕΙΣ","{""speaker"": ""b""}"
scenes/act2.md:539:dialogue:0,scenes/act2.md,539,dialogue,0,"Actually, you know what's worse than no-one liking you? *Everyone* liking you.","Μάλιστα, ξέρεις τι είναι χειρότερο από το να μη σ' αρέσει κανείς; Να σ' αρέσει *όλοι*.","{""speaker"": ""b""}"
scenes/act2.md:543:dialogue:0,scenes/act2.md,543,dialogue,0,"That is, becoming one of *these* pleasure-chasing party animals.","Δηλαδή, να γίνεις ένα από *αυτά* τα party animals που κυνηγάν την απόλαυση.","{""speaker"": ""b""}"
scenes/act2.md:547:dialogue:0,scenes/act2.md,547,dialogue,0,A shallow life with shallow friends who only know the shallow you!,Μια ρηχή ζωή με ρηχούς φίλους που ξέρουν μόνο το ρηχό εσένα!,"{""speaker"": ""b""}"
scenes/act2.md:551:dialogue:0,scenes/act2.md,551,dialogue,0,"Human, we need to run away from these pleasure-zombies before they turn us into one of them!","Άνθρωπος, πρέπει να ξεφύγουμε από αυτούς τους pleasure-zombies πριν μας κάνουν ένα από αυτούς!","{""speaker"": ""b""}"
scenes/act2.md:567:dialogue:0,scenes/act2.md,567,dialogue,0,People are dying in famines and genocides *right now* and we're just partying!,Άνθρωποι πεθαίνουν σε λιμούς και γενοκτονίες *τώρα ακριβώς* και εμείς απλά κάνουμε πάρτι!,"{""speaker"": ""b""}"
scenes/act2.md:571:dialogue:0,scenes/act2.md,571,dialogue,0,"A wise person once said, ""the only thing necessary for the triumph of evil is for good folks to do nothing.""","Ένας σοφός είπε κάποτε, ""το μόνο που χρειάζεται για να θριαμβεύσει το κακό είναι οι καλοί άνθρωποι να μην κάνουν τίποτα.""","{""speaker"": ""b""}"
scenes/act2.md:575:dialogue:0,scenes/act2.md,575,dialogue,0,WE'RE DOING NOTHING.,ΕΜΕΙΣ ΔΕΝ ΚΑΝΟΥΜΕ ΤΙΠΟΤΑ.,"{""speaker"": ""b""}"
scenes/act2.md:579:dialogue:0,scenes/act2.md,579,dialogue,0,"BY PARTYING, WE'RE HELPING *HITLER*.","ΜΕ ΤΟ ΠΑΡΤΙ, ΒΟΗΘΑΜΕ ΤΟΝ *ΧΙΤΛΕΡ*.","{""speaker"": ""b""}"
scenes/act2.md:595:dialogue:0,scenes/act2.md,595,dialogue,0,You think you're safe just because you took the batteries out of the carbon monoxide detector?,Νομίζεις ότι είσαι ασφαλής επειδή έβγαλες τις μπαταρίες από τον ανιχνευτή μονοξειδίου;,"{""speaker"": ""b""}"
scenes/act2.md:599:dialogue:0,scenes/act2.md,599,dialogue,0,You won't even smell the poison! You'll just get sleepy and then you'll--,Δεν θα μυρίσεις καν το δηλητήριο! Απλά θα νυσταγορίσεις και μετά θα--,"{""speaker"": ""b""}"
scenes/act2.md:603:dialogue:0,scenes/act2.md,603,dialogue,0,DIEEEEEEEEEEEEEEEEEE,ΘΑ ΠΕΘΑΝΟΥΜΜΜΜΜΜΜΜΜΜΜΜΜΜΜΜΜ,"{""speaker"": ""b""}"
scenes/act2.md:620:dialogue:0,scenes/act2.md,620,dialogue,0,...,...,"{""speaker"": ""b""}"
scenes/act2.md:624:dialogue:0,scenes/act2.md,624,dialogue,0,"Oh thank goodness human, I think you can hear me again!","Ω Θεέ μου άνθρωπος, νομίζω με ακούς πάλι!","{""speaker"": ""b""}"
scenes/act2.md:628:dialogue:0,scenes/act2.md,628,dialogue,0,I SHALL WARN YOU ABOUT...,ΘΑ Σ' ΠΡΟΕΙΔΟΠΟΙΗΣΩ ΓΙΑ...,"{""speaker"": ""b""}"
scenes/act2.md:631:choice:0,scenes/act2.md,631,choice,0,*Even more* of the same danger!,*Ακόμα περισσότερο* από τον ίδιο κίνδυνο!,"{""anchor"": ""#act2c_louder""}"
scenes/act2.md:635:choice:0,scenes/act2.md,635,choice,0,*More* of the same danger!,*Περισσότερο* από τον ίδιο κίνδυνο!,"{""anchor"": ""#act2c_louder""}"
scenes/act2.md:639:choice:0,scenes/act2.md,639,choice,0,A *different* social danger!,Έναν *άλλο* κοινωνικό κίνδυνο!,"{""anchor"": ""#act2c_different_social""}"
scenes/act2.md:643:choice:0,scenes/act2.md,643,choice,0,A *different* moral danger!,Έναν *άλλο* ηθικό κίνδυνο!,"{""anchor"": ""#act2c_different_moral""}"
scenes/act2.md:646:choice:0,scenes/act2.md,646,choice,0,Did you check that punch before drinking?,Έλεγξες το punch πριν πιεις;,"{""anchor"": ""#act2c_punch""}"
scenes/act2.md:678:dialogue:0,scenes/act2.md,678,dialogue,0,"Actually, Netflix & food delivery isn't quarantined enough! We'd still infect the delivery person!","Μάλιστα, Netflix & delivery δεν είναι αρκετή καραντίνα! Θα μολύναμε και τον delivery guy!","{""speaker"": ""b""}"
scenes/act2.md:682:dialogue:0,scenes/act2.md,682,dialogue,0,"We need to move to the Canadian Yukon territories, and have our food delivered by drone!",Πρέπει να μετακομίσουμε στον Καναδικό Yukon και να παίρνουμε φαγητό με drone!,"{""speaker"": ""b""}"
scenes/act2.md:686:dialogue:0,scenes/act2.md,686,dialogue,0,And then they'd have to sterilize the drone to rid it of our SAD LUMP GERMS,Και μετά θα έπρεπε να αποστειρώσουν το drone για τα SAD LUMP GERMS μας,"{""speaker"": ""b""}"
scenes/act2.md:719:dialogue:0,scenes/act2.md,719,dialogue,0,The BIG DISGUSTING TRASH PERVERT shall be sentenced to 72 hours in one of those medieval public-humiliation devices,Το ΜΕΓΑΛΟ ΑΠΟΡΡΗΤΟ ΣΚΟΥΠΙΔΙ ΠΕΡΒΕΡΤ θα καταδικαστεί σε 72 ώρες σε ένα από αυτά τα μεσαιωνικά μηχανήματα δημόσιας ντροπής,"{""speaker"": ""b""}"
scenes/act2.md:721:dialogue:0,scenes/act2.md,721,dialogue,0,unless they're secretly *into* that sort of thing,εκτός αν κρυφά *αρέσκονται* με τέτοια,"{""speaker"": ""b""}"
scenes/act2.md:725:dialogue:0,scenes/act2.md,725,dialogue,0,because they're a BIG DISGUSTING TRASH PERVERT,γιατί είναι ΜΕΓΑΛΟ ΑΠΟΡΡΗΤΟ ΣΚΟΥΠΙΔΙ ΠΕΡΒΕΡΤ,"{""speaker"": ""b""}"
scenes/act2.md:737:dialogue:0,scenes/act2.md,737,dialogue,0,BUTTERFLY EFFECT! You're using a non-biodegradable plastic cup?,BUTTERFLY EFFECT! Χρησιμοποιείς ποτήρι πλαστικό που δεν biodegrade-άρει;,"{""speaker"": ""b""}"
scenes/act2.md:741:dialogue:0,scenes/act2.md,741,dialogue,0,"BAM, A LANDFILL LEAKS POISON AND KILLS A KID","ΜΠΑΜ, ΜΙΑ ΧΥΤΑ ΡΙΧΝΕΙ ΔΗΛΗΤΗΡΙΟ ΚΑΙ ΣΚΟΤΩΝΕΙ ΕΝΑ ΠΑΙΔΙ","{""speaker"": ""b""}"
scenes/act2.md:745:dialogue:0,scenes/act2.md,745,dialogue,0,You're sweating and your heart's pounding?,Ιδρώνεις και η καρδιά σου χτυπάει;,"{""speaker"": ""b""}"
scenes/act2.md:749:dialogue:0,scenes/act2.md,749,dialogue,0,"BAM, YOU BANKRUPT OUR HEALTHCARE SYSTEM AND MILLIONS DIE","ΜΠΑΜ, ΧΡΕΟΚΟΠΕΙΣ ΤΟ ΣΥΣΤΗΜΑ ΥΓΕΙΑΣ ΜΑΣ ΚΑΙ ΠΕΘΑΙΝΟΥΝ ΕΚΑΤΟΜΜΥΡΙΑ","{""speaker"": ""b""}"
scenes/act2.md:761:dialogue:0,scenes/act2.md,761,dialogue,0,"These pleasure-zombies will stumble towards you mumbling,","Αυτοί οι pleasure-zombies θα στριμώχνουν προς σένα μουρμουρίζοντας,","{""speaker"": ""b""}"
scenes/act2.md:765:dialogue:0,scenes/act2.md,765,dialogue,0,LIIIIIKES. LIIIIIIIIIIKES.,ΛΑΑΑΑΑΑΙΚΣ. ΛΑΑΑΑΑΑΑΑΑΙΚΣ.,"{""speaker"": ""b""}"
scenes/act2.md:769:dialogue:0,scenes/act2.md,769,dialogue,0,Then they'll BITE YOU and turn you into a BRAINLESS BRO and/or THOUGHTLESS THOT!,Μετά θα ΣΕ ΔΑΓΚΩΣΟΥΝ και θα σε κάνουν BRAINLESS BRO και/ή THOUGHTLESS THOT!,"{""speaker"": ""b""}"
scenes/act2.md:781:dialogue:0,scenes/act2.md,781,dialogue,0,THE NAZIS ARE GOOSE-STEPPING BACK ON THE STREETS RIGHT NOW,ΟΙ ΝΑΖΙ ΕΡΧΟΝΤΑΙ ΠΑΛΙ ΣΤΟΥΣ ΔΡΟΜΟΥΣ ΤΩΡΑ ΑΚΡΙΒΩΣ,"{""speaker"": ""b""}"
scenes/act2.md:785:dialogue:0,scenes/act2.md,785,dialogue,0,"Saying, *good thing those 'good folks' slacked off with stuff like 'relaxing' and 'self-care'!*","Λέγοντας, *τι καλά που οι 'καλοί άνθρωποι' χαλάρωσαν με πράγματα σαν 'χαλάρωση' και 'self-care'!*","{""speaker"": ""b""}"
scenes/act2.md:789:dialogue:0,scenes/act2.md,789,dialogue,0,"*Now our plans can go fourth, reich on schedule!*","*Τώρα τα σχέδιά μας μπορούν να προχωρήσουν fourth, reich on schedule!*","{""speaker"": ""b""}"
scenes/act2.md:801:dialogue:0,scenes/act2.md,801,dialogue,0,"Come to think about it, do we know if this building *has* a monoxide detector?!","Τώρα που το σκέφτομαι, ξέρουμε αν αυτό το κτίριο *έχει* ανιχνευτή μονοξειδίου;","{""speaker"": ""b""}"
scenes/act2.md:805:dialogue:0,scenes/act2.md,805,dialogue,0,What if we're all being poisoned *RIGHT NOW?*,Και αν μας δηλητηριάζουν *ΤΩΡΑ ΑΚΡΙΒΩΣ;*,"{""speaker"": ""b""}"
scenes/act2.md:809:dialogue:0,scenes/act2.md,809,dialogue,0,WE WOULDN'T EVEN SEE DEATH APPROACH. WE'D JUST STOP EXISTING FOREVER AND EVER AND EV--,ΔΕΝ ΘΑ'ΒΛΕΠΑΜΕ ΚΑΝ ΤΟΝ ΘΑΝΑΤΟ ΝΑ ΕΡΧΕΤΑΙ. ΑΠΛΑ ΘΑ ΣΤΑΜΑΤΟΥΣΑΜΕ ΝΑ ΥΠΑΡΧΟΥΜΕ ΓΙΑ ΠΑΝΤΑ ΚΑΙ ΠΑΝΤΑ ΚΑΙ ΠΑ--,"{""speaker"": ""b""}"
scenes/act2.md:821:dialogue:0,scenes/act2.md,821,dialogue,0,"What if we're just *fundamentally incapable* of ever being loved, or loving another?","Και αν απλά είμαστε *θεμελιωδώς ανίκανοι* να αγαπηθούμε ποτέ, ή να αγαπήσουμε κάποιον άλλο;","{""speaker"": ""b""}"
scenes/act2.md:825:dialogue:0,scenes/act2.md,825,dialogue,0,What if something irreversibly broke inside of us a long time ago? Or never existed in us in the first place?,Και αν κάτι σπάσε αμετάκλητα μέσα μας πριν πολύ; Ή δεν υπήρχε ποτέ μέσα μας εξ'αρχής;,"{""speaker"": ""b""}"
scenes/act2.md:829:dialogue:0,scenes/act2.md,829,dialogue,0,AHH WE'RE BROKEN! SO BROKEN SO BROKEN SO BROKE--,ΑΑΑ ΕΙΜΑΣΤΕ ΣΠΑΣΜΕΝΟΙ! ΤΟΣΟ ΣΠΑΣΜΕΝΟΙ ΤΟΣΟ ΣΠΑΣΜΕΝΟΙ ΤΟΣΟ ΣΠΑ--,"{""speaker"": ""b""}"
scenes/act2.md:839:dialogue:0,scenes/act2.md,839,dialogue,0,What if we're just *fundamentally rotten?*,Και αν απλά είμαστε *θεμελιωδώς σαπίσιμοι;*,"{""speaker"": ""b""}"
scenes/act2.md:843:dialogue:0,scenes/act2.md,843,dialogue,0,"Others have an inner drive to do goodness, but we only do ""good"" out of guilt or shame, if at all.","Οι άλλοι έχουν εσωτερικό κίνητρο να κάνουν καλό, αλλά εμείς κάνουμε ""καλό"" μόνο από ενοχή ή ντροπή, αν κάνουμε.","{""speaker"": ""b""}"
scenes/act2.md:847:dialogue:0,scenes/act2.md,847,dialogue,0,What if it's in our nature to hurt others? What if we can't be anything *other* than a burden to those close to us?,Και αν είναι στη φύση μας να πληγώνουμε άλλους; Και αν δεν μπορούμε να είμαστε τίποτα *άλλο* παρά βάρος για όσους μας είναι κοντά;,"{""speaker"": ""b""}"
scenes/act2.md:851:dialogue:0,scenes/act2.md,851,dialogue,0,AHH WE'RE BROKEN! SO BROKEN SO BROKEN SO BROKE--,ΑΑΑ ΕΙΜΑΣΤΕ ΣΠΑΣΜΕΝΟΙ! ΤΟΣΟ ΣΠΑΣΜΕΝΟΙ ΤΟΣΟ ΣΠΑΣΜΕΝΟΙ ΤΟΣΟ ΣΠΑ--,"{""speaker"": ""b""}"
scenes/act2.md:861:dialogue:0,scenes/act2.md,861,dialogue,0,I'm not being irrational. People *do* drug punch bowls. That is an actual thing that actually happens.,Δεν είμαι παράλογος. Οι άνθρωποι *βάζουν* ναρκωτικά σε punch bowls. Είναι πραγματικό πράγμα που πραγματικά γίνεται.,"{""speaker"": ""b""}"
scenes/act2.md:865:dialogue:0,scenes/act2.md,865,dialogue,0,"Human, does your head hurt? Are your limbs limp? I think we're dying.","Άνθρωπος, πονάει το κεφάλι σου; Τα άκρα σου είναι χαλαρά; Νομίζω πεθαίνουμε.","{""speaker"": ""b""}"
scenes/act2.md:869:dialogue:0,scenes/act2.md,869,dialogue,0,AHHH WE'RE DYING! WE'RE DYING WE'RE DYING WE'RE DYI--,ΑΑΑΑ ΠΕΘΑΙΝΟΥΜΕ! ΠΕΘΑΙΝΟΥΜΕ ΠΕΘΑΙΝΟΥΜΕ ΠΕΘΑΙ--,"{""speaker"": ""b""}"
scenes/act2.md:901:dialogue:0,scenes/act2.md,901,dialogue,0,F^AAACK^!,Γ^ΑΜΩ^!,"{""speaker"": ""h""}"
scenes/act2.md:903:dialogue:0,scenes/act2.md,903,dialogue,0,F^ACK^ING F^ACK^-F^AKK^ITY *F^AAAAACK^*,Γ^αμω^τό Γ^αμ^-Γ^αμ^ικό *Γ^άμω^*,"{""speaker"": ""h""}"
scenes/act2.md:907:dialogue:0,scenes/act2.md,907,dialogue,0,"Yay, human! I'm so happy you can hear me again!","Ναι, άνθρωπος! Χαίρομαι τόσο που με ακούς πάλι!","{""speaker"": ""b""}"
scenes/act2.md:911:dialogue:0,scenes/act2.md,911,dialogue,0,Why were you ignoring me?,Γιατί με αγνοούσες;,"{""speaker"": ""b""}"
scenes/act2.md:915:dialogue:0,scenes/act2.md,915,dialogue,0,"Holy ^hell^, you absolute moron.","Μα τον ^διάολο^, είσαι απόλυτος ηλίθιος.","{""speaker"": ""h""}"
scenes/act2.md:919:dialogue:0,scenes/act2.md,919,dialogue,0,You know that Native American story?,Ξέρεις εκείνη την ιστορία των Native Americans;,"{""speaker"": ""h""}"
scenes/act2.md:921:dialogue:0,scenes/act2.md,921,dialogue,0,"""There are two wolves inside you, one is hope, one is despair, which wolf wins? The one you feed.""","""Υπάρχουν δύο λύκοι μέσα σου, ένας είναι ελπίδα, ένας απελπιά, ποιος λύκος κερδίζει; Αυτός που τρέφεις.""","{""speaker"": ""h""}"
scenes/act2.md:928:dialogue:0,scenes/act2.md,928,dialogue,0,"I was trying to *starve* you, you sadistic ^asshole^!","Προσπαθούσα να σε *λιμοκτονήσω*, sadistic ^μαλάκα^!","{""speaker"": ""h""}"
scenes/act2.md:932:dialogue:0,scenes/act2.md,932,dialogue,0,"Screw it, I'll do positive affirmations instead.","Άντε, θα κάνω positive affirmations αντ'αυτού.","{""speaker"": ""h""}"
scenes/act2.md:934:dialogue:0,scenes/act2.md,934,dialogue,0,*I am loved. I am good. I am smart. I am beautiful. I am special.*,*Μ' αγαπούν. Είμαι καλός. Είμαι έξυπνος. Είμαι όμορφος. Είμαι ξεχωριστός.*,"{""speaker"": ""h""}"
scenes/act2.md:938:choice:0,scenes/act2.md,938,choice,0,"Golly, that's so narcissistic!","Θεέ μου, τόσο ναρκισσιστικό!","{""anchor"": ""#act2d_narcissist""}"
scenes/act2.md:940:choice:0,scenes/act2.md,940,choice,0,Y'know affirmations were *disproven?*,Ξέρεις ότι τα affirmations *αποδείχθηκαν λάθος;*,"{""anchor"": ""#act2d_disproven""}"
scenes/act2.md:942:choice:0,scenes/act2.md,942,choice,0,omg don't credit random stories to indigenous folk,omg μην αποδίδεις τυχαίες ιστορίες σε indigenous folk,"{""anchor"": ""#act2d_racist""}"
scenes/act2.md:948:dialogue:0,scenes/act2.md,948,dialogue,0,"In fact, they actually *backfire* for people with low self-esteem! ","Μάλιστα, *αντιδρούν* για άτομα με χαμηλή αυτοεκτίμηση!","{""speaker"": ""b""}"
scenes/act2.md:952:dialogue:0,scenes/act2.md,952,dialogue,0,"It was a well-designed study – randomized controlled trial, experimenter was blinded as to who was in which group.","Ήταν καλοσχεδιασμένη μελέτη – randomized controlled trial, ο ερευνητής ήταν blinded για το ποιος ήταν σε ποια ομάδα.","{""speaker"": ""b""}"
scenes/act2.md:956:dialogue:0,scenes/act2.md,956,dialogue,0,"Results: if you already had low self-esteem, being asked to repeat affirmations makes you feel *worse* than if you'd said nothing at all!","Αποτελέσματα: αν είχες ήδη χαμηλή αυτοεκτίμηση, το να σου ζητάνε να επαναλαμβάνεις affirmations σε κάνει να νιώθεις *χειρότερα* απ'ό,τι αν δεν έλεγες τίποτα!","{""speaker"": ""b""}"
scenes/act2.md:960:dialogue:0,scenes/act2.md,960,dialogue,0,"Wood 2009, Psychological Science. Look it up on Google Scholar, human,","Wood 2009, Psychological Science. Ψάξ' το στο Google Scholar, άνθρωπος,","{""speaker"": ""b""}"
scenes/act2.md:964:dialogue:0,scenes/act2.md,964,dialogue,0,THEN STOP SPREADING UNSCIENTIFIC FAKE NEWS,ΤΟΤΕ ΣΤΑΜΑΤΑ ΝΑ ΔΙΑΔίΔΕΙΣ UNSCIENTIFIC FAKE NEWS,"{""speaker"": ""b""}"
scenes/act2.md:980:dialogue:0,scenes/act2.md,980,dialogue,0,You *need* to humbly see your own flaws in order to grow as a person!,Πρέπει *να* δεις τα ελαττώματά σου με ταπεινότητα για να μεγαλώσεις ως άνθρωπος!,"{""speaker"": ""b""}"
scenes/act2.md:984:dialogue:0,scenes/act2.md,984,dialogue,0,You can't spray air freshener over a moldy room! Covering up your flaws makes you worse in the long run.,Δεν μπορείς να ψεκάσεις air freshener πάνω από μουχλιασμένο δωμάτιο! Το να καλύπτεις τα ελαττώματά σου σε κάνει χειρότερο μακροπρόθεσμα.,"{""speaker"": ""b""}"
scenes/act2.md:988:dialogue:0,scenes/act2.md,988,dialogue,0,"Thankfully, I, as your loyal guard-wolf, can alert you to your flaws. And right now, it's-","Ευτυχώς, εγώ, ως ο πιστός guard-wolf σου, μπορώ να σ' ειδοποιήσω για τα ελαττώματά σου. Και τώρα, είναι-","{""speaker"": ""b""}"
scenes/act2.md:992:dialogue:0,scenes/act2.md,992,dialogue,0,EVERYTHING. EVERYTHING IS WRONG,ΤΑ ΠΑΝΤΑ. ΤΑ ΠΑΝΤΑ ΕΙΝΑΙ ΛΑΘΟΣ,"{""speaker"": ""b""}"
scenes/act2.md:1008:dialogue:0,scenes/act2.md,1008,dialogue,0,"Native Americans are *actual people*, not some ""noble savages"" you can namedrop to make your fortune-cookie advice more *exotic*.","Οι Native Americans είναι *πραγματικοί άνθρωποι*, όχι κάποιοι ""ευγενείς άγριοι"" που μπορείς να αναφέρεις για να κάνεις τις fortune-cookie συμβουλές σου πιο *εξωτικές*.","{""speaker"": ""b""}"
scenes/act2.md:1012:dialogue:0,scenes/act2.md,1012,dialogue,0,"You're reducing individual persons & complex cultures to a Hallmark card! That's ""benevolent racism""! ","Μειώνεις ξεχωριστά άτομα & πολύπλοκους πολιτισμούς σε Hallmark card! Αυτό είναι ""benevolent racism""!","{""speaker"": ""b""}"
scenes/act2.md:1016:dialogue:0,scenes/act2.md,1016,dialogue,0,STOP BEING RACIST YOU SQUINTY-EYED JERK,ΣΤΑΜΑΤΑ ΝΑ ΕΙΣΑΙ ΡΑΤΣΙΣΤΗΣ ΣΚΑΣΜΕΝΕ,"{""speaker"": ""b""}"
scenes/act2.md:1030:dialogue:0,scenes/act2.md,1030,dialogue,0,^ASSDAMMIT^.,^ΓΑΜΩΤΟ^.,"{""speaker"": ""h""}"
scenes/act2.md:1034:dialogue:0,scenes/act2.md,1034,dialogue,0,You know what? You're *irrational*.,Ξέρεις κάτι; Είσαι *παράλογος*.,"{""speaker"": ""h""}"
scenes/act2.md:1036:dialogue:0,scenes/act2.md,1036,dialogue,0,Everyone knows emotions are irrational! Especially fear!,Όλοι ξέρουν ότι τα συναισθήματα είναι παράλογα! Ειδικά ο φόβος!,"{""speaker"": ""h""}"
scenes/act2.md:1040:dialogue:0,scenes/act2.md,1040,dialogue,0,"You're a useless evolutionary leftover, like my appendix or wisdom teeth!","Είσαι άχρηστο εξελικτικό κατάλοιπο, σαν το σκωληκοειδή ή τα φρονιμήντια μου!","{""speaker"": ""h""}"
scenes/act2.md:1044:dialogue:0,scenes/act2.md,1044,dialogue,0,"^Hell^, this whole wolf metaphor is stupid! You're just a bunch of neuro-chemicals in my head.","^Διάολε^, όλη αυτή η μεταφορά του λύκου είναι χαζή! Είσαι απλά νευρο-χημικά στο κεφάλι μου.","{""speaker"": ""h""}"
scenes/act2.md:1048:dialogue:0,scenes/act2.md,1048,dialogue,0,"So why should I listen to a worthless, irrational, non-existent piece of ^shit^ like you?!","Γιατί να ακούσω ένα άχρηστο, παράλογο, ανύπαρκτο κομμάτι ^σκατά^ σαν εσένα;","{""speaker"": ""h""}"
scenes/act2.md:1052:dialogue:0,scenes/act2.md,1052,dialogue,0,...,...,"{""speaker"": ""b""}"
scenes/act2.md:1054:choice:0,scenes/act2.md,1054,choice,0,"Jeez, human. That's really hurtful.","Θεέ μου, άνθρωπος. Αυτό πονάει πολύ.","{""anchor"": ""#act2e_hurtful""}"
scenes/act2.md:1056:choice:0,scenes/act2.md,1056,choice,0,I'm a feeling. Feelings are valid.,Είμαι συναίσθημα. Τα συναισθήματα είναι έγκυρα.,"{""anchor"": ""#act2e_valid""}"
scenes/act2.md:1058:choice:0,scenes/act2.md,1058,choice,0,"Human, we're *both* ""just chemicals.""","Άνθρωπος, είμαστε *και οι δύο* ""απλά χημικά.""","{""anchor"": ""#act2e_rational""}"
scenes/act2.md:1064:dialogue:0,scenes/act2.md,1064,dialogue,0,"I'm *part* of you, you know. When you say that, you're hurting *yourself*.","Είμαι *μέρος* σου, ξέρεις. Όταν λες αυτό, πληγώνεις *τον εαυτό σου*.","{""speaker"": ""b""}"
scenes/act2.md:1068:dialogue:0,scenes/act2.md,1068,dialogue,0,"Why are you hitting yourself, human? STOP HITTING YOURSELF.","Γιατί χτυπάς τον εαυτό σου, άνθρωπος; ΣΤΑΜΑΤΑ ΝΑ ΧΤΥΠΑΣ ΤΟΝ ΕΑΥΤΟ ΣΟΥ.","{""speaker"": ""b""}"
scenes/act2.md:1085:dialogue:0,scenes/act2.md,1085,dialogue,0,"Your deepest motivations are dopamine, your richest joys are serotonin.","Τα βαθύτερα κίνητρά σου είναι ντοπαμίνη, οι πλουσιότερες χαρές σου σεροτονίνη.","{""speaker"": ""b""}"
scenes/act2.md:1089:dialogue:0,scenes/act2.md,1089,dialogue,0,"Your memories are synaptic weights, your reason is fault-prone electrical signals.","Οι αναμνήσεις σου είναι synaptic weights, ο λογισμός σου είναι επιρρεπείς σε βλάβες ηλεκτρικά σήματα.","{""speaker"": ""b""}"
scenes/act2.md:1093:dialogue:0,scenes/act2.md,1093,dialogue,0,"So if me being ""just chemicals"" means *I'm* irrational... then that means *you're* irrational!","Άρα αν το ""απλά χημικά"" σημαίνει ότι *εγώ* είμαι παράλογος... τότε σημαίνει ότι *εσύ* είσαι παράλογος!","{""speaker"": ""b""}"
scenes/act2.md:1097:dialogue:0,scenes/act2.md,1097,dialogue,0,"And if we're *both* irrational, then we'll *never* figure out how to be fulfilled and happy!","Κι αν είμαστε *και οι δύο* παράλογοι, τότε *ποτέ* δεν θα καταλάβουμε πώς να είμαστε ολοκληρωμένοι και χαρούμενοι!","{""speaker"": ""b""}"
scenes/act2.md:1101:dialogue:0,scenes/act2.md,1101,dialogue,0,AHHH WE'RE BROKEN! SO BROKEN SO BROKEN SO BROKEN--,ΑΑΑΑ ΕΙΜΑΣΤΕ ΣΠΑΣΜΕΝΟΙ! ΤΟΣΟ ΣΠΑΣΜΕΝΟΙ ΤΟΣΟ ΣΠΑΣΜΕΝΟΙ ΤΟΣΟ ΣΠΑΣ--,"{""speaker"": ""b""}"
scenes/act2.md:1118:dialogue:0,scenes/act2.md,1118,dialogue,0,"Hang on... ""they"" say that feelings are valid, that you should always accept your emotions.","Μισό λεπτό... ""αυτοί"" λένε ότι τα συναισθήματα είναι έγκυρα, ότι πρέπει πάντα να αποδέχεσαι τα συναισθήματά σου.","{""speaker"": ""b""}"
scenes/act2.md:1122:dialogue:0,scenes/act2.md,1122,dialogue,0,"But ""they"" also say emotions are irrational, that emotions are not to be trusted.","Αλλά ""αυτοί"" λένε επίσης ότι τα συναισθήματα είναι παράλογα, ότι δεν πρέπει να τα εμπιστεύεσαι.","{""speaker"": ""b""}"
scenes/act2.md:1126:dialogue:0,scenes/act2.md,1126,dialogue,0,"Oh my gosh, ""they"" have been lying to us this whole time!","Ω Θεέ μου, ""αυτοί"" μας έλεγαν ψέματα όλο αυτόν τον καιρό!","{""speaker"": ""b""}"
scenes/act2.md:1130:dialogue:0,scenes/act2.md,1130,dialogue,0,"""THEY"" FEED US CONTRADICTIONS TO MAKE US DEPENDENT ON THE SELF-HELP INDUSTRIAL COMPLEX","""ΑΥΤΟΙ"" ΜΑΣ ΤΑΙΖΟΥΝ ΑΝΤΙΦΑΣΕΙΣ ΓΙΑ ΝΑ ΜΑΣ ΚΑΝΟΥΝ ΕΞΑΡΤΗΜΕΝΟΥΣ ΑΠΟ ΤΟ SELF-HELP INDUSTRIAL COMPLEX","{""speaker"": ""b""}"
scenes/act2.md:1147:dialogue:0,scenes/act2.md,1147,dialogue,0,...,...,"{""speaker"": ""h""}"
scenes/act2.md:1149:dialogue:0,scenes/act2.md,1149,dialogue,0,I hate this. God it hurts so much I *hate* this.,Το μισώ αυτό. Θεέ μου πονάει τόσο πολύ το *μισώ* αυτό.,"{""speaker"": ""h""}"
scenes/act2.md:1151:dialogue:0,scenes/act2.md,1151,dialogue,0,I can't appease you. I can't ignore you. I can't fight you. ,Δεν μπορώ να σε κατευνάσω. Δεν μπορώ να σε αγνοήσω. Δεν μπορώ να σε πολεμήσω.,"{""speaker"": ""h""}"
scenes/act2.md:1155:dialogue:0,scenes/act2.md,1155,dialogue,0,"No matter what I do, I can't seem to get rid of yo--","Ό,τι κι αν κάνω, δεν μπορώ να σε ξεφορτωθώ--","{""speaker"": ""h""}"
scenes/act2.md:1159:dialogue:0,scenes/act2.md,1159,dialogue,0,Well maybe you're NOT *SUPPOSED* TO GET RID OF ME.,Μάλλον ΔΕΝ *ΠΡΕΠΕΙ* ΝΑ Μ' ΞΕΦΟΡΤΩΘΕΙΣ.,"{""speaker"": ""b""}"
scenes/act2.md:1163:dialogue:0,scenes/act2.md,1163,dialogue,0,"How do you think *I* feel, human?!","Πώς νομίζεις νιώθω *εγώ*, άνθρωπος;","{""speaker"": ""b""}"
scenes/act2.md:1167:dialogue:0,scenes/act2.md,1167,dialogue,0,"I'm trying my best to be your guard-dog, but you keep seeing me as some Big Bad Wolf!","Προσπαθώ όσο μπορώ να είμαι το guard-dog σου, αλλά με βλέπεις σαν Big Bad Wolf!","{""speaker"": ""b""}"
scenes/act2.md:1169:dialogue:0,scenes/act2.md,1169,dialogue,0,So I try even *harder* to alert you to danger! *More* danger! *Different* danger!,Γι'αυτό προσπαθώ ακόμα *πιο* σκληρά να σ' ειδοποιήσω για κίνδυνο! *Περισσότερο* κίνδυνο! *Διαφορετικό* κίνδυνο!,"{""speaker"": ""b""}"
scenes/act2.md:1173:dialogue:0,scenes/act2.md,1173,dialogue,0,"But no matter how hard I try to protect you, you *still* think I'm your enemy!","Αλλά όσο κι αν προσπαθώ να σε προστατεύσω, *ακόμα* νομίζεις ότι είμαι ο εχθρός σου!","{""speaker"": ""b""}"
scenes/act2.md:1177:dialogue:0,scenes/act2.md,1177,dialogue,0,What am I doing wrong?!,Τι κάνω λάθος;,"{""speaker"": ""b""}"
scenes/act2.md:1181:dialogue:0,scenes/act2.md,1181,dialogue,0,"I *know* I suck at my job. But I'm *trying*, human!","Ξέρω ότι *άχρηστος* είμαι στη δουλειά μου. Αλλά *προσπαθώ*, άνθρωπος!","{""speaker"": ""b""}"
scenes/act2.md:1185:dialogue:0,scenes/act2.md,1185,dialogue,0,...I'm trying.,...Προσπαθώ.,"{""speaker"": ""b""}"
scenes/act2.md:1189:dialogue:0,scenes/act2.md,1189,dialogue,0,"You don't have to heed my warnings, or agree with me, or even *like* me.","Δεν χρειάζεται να ακούς τις προειδοποιήσεις μου, ή να συμφωνείς μαζί μου, ή καν να σ' *αρέσω*.","{""speaker"": ""b""}"
scenes/act2.md:1193:dialogue:0,scenes/act2.md,1193,dialogue,0,I just... all I want is for you to be patient with me.,Απλά... το μόνο που θέλω είναι να είσαι υπομονετικός μαζί μου.,"{""speaker"": ""b""}"
scenes/act2.md:1197:dialogue:0,scenes/act2.md,1197,dialogue,0,"I just want for you to sit with me for a while, instead of turning away and--","Απλά θέλω να καθίσεις μαζί μου λίγο, αντ'αυτού να γυρίσεις την πλάτη και--","{""speaker"": ""b""}"
scenes/act2.md:1204:dialogue:0,scenes/act2.md,1204,dialogue,0,Hey.,Έι.,"{""speaker"": ""r""}"
scenes/act2.md:1221:dialogue:0,scenes/act2.md,1221,dialogue,0,"Looks like you're caught in a fight with yourself, kid.","Φαίνεται ότι είσαι μπλέγμενος σε μάχη με τον εαυτό σου, μικρέ.","{""speaker"": ""r""}"
scenes/act2.md:1228:dialogue:0,scenes/act2.md,1228,dialogue,0,Was it that obvious?,Ήταν τόσο προφανές;,"{""speaker"": ""h2""}"
scenes/act2.md:1235:dialogue:0,scenes/act2.md,1235,dialogue,0,"You were, uh, mumbling at your hoodie about {{_.a2_hoodie_callback}} or something.","Ήσουν, εμ, να μουρμουρίζεις στο hoodie σου για {{_.a2_hoodie_callback}} ή κάτι τέτοιο.","{""speaker"": ""r""}"
scenes/act2.md:1251:dialogue:0,scenes/act2.md,1251,dialogue,0,oh god i'm such a mess.,ω θεέ μου είμαι τέτοιο χάος.,"{""speaker"": ""h2""}"
scenes/act2.md:1259:dialogue:0,scenes/act2.md,1259,dialogue,0,"Hey. You're not alone, friend. Anxiety's super common.","Έι. Δεν είσαι μόνος, φίλε. Το Άγχος είναι πολύ συχνό.","{""speaker"": ""r""}"
scenes/act2.md:1267:dialogue:0,scenes/act2.md,1267,dialogue,0,"Heck, just yesterday, I heard someone on campus had a nervous breakdown and smashed their phone!","Μάλιστα, χθες άκουσα κάποιον στο campus να έκανε νευρικό breakdown και έσπασε το τηλέφωνό του!","{""speaker"": ""r""}"
scenes/act2.md:1271:dialogue:0,scenes/act2.md,1271,dialogue,0,"Heck, just yesterday, I heard someone curled up into an armadillo ball and cried in public!","Μάλιστα, χθες άκουσα κάποιον να κουλουριάστηκε σαν armadillo και να κλάει σε δημόσιο!","{""speaker"": ""r""}"
scenes/act2.md:1278:dialogue:0,scenes/act2.md,1278,dialogue,0,Listen: I know what it's like to have that animal in your head.,Άκου: Ξέρω πώς είναι να'χεις αυτό το ζώο στο κεφάλι σου.,"{""speaker"": ""r""}"
scenes/act2.md:1284:dialogue:0,scenes/act2.md,1284,dialogue,0,"We *all* do. That's why I throw these parties every weekend, to forget our worries, forget that animal.","Το κάνουμε *όλοι*. Γι'αυτό κάνω αυτά τα πάρτι κάθε Σαββατοκύριακο, για να ξεχνάμε τα προβλήματά μας, να ξεχνάμε εκείνο το ζώο.","{""speaker"": ""r""}"
scenes/act2.md:1291:dialogue:0,scenes/act2.md,1291,dialogue,0,but my anxiety...,αλλά το άγχος μου...,"{""speaker"": ""h2""}"
scenes/act2.md:1298:dialogue:0,scenes/act2.md,1298,dialogue,0,"Don't worry, kid. I used to be like you. But then I found a little trick to get that negative voice to shut up forever...","Μην ανησυχείς, μικρέ. Κάποτε ήμουν σαν εσένα. Μετά βρήκα ένα μικρό κόλπο για να σωπάσει εκείνη η αρνητική φωνή για πάντα...","{""speaker"": ""r""}"
scenes/act2.md:1328:dialogue:0,scenes/act2.md,1328,dialogue,0,"My own specialty blend. It's a bit stronger than... well, anything legal really.","Το δικό μου specialty blend. Είναι λίγο πιο δυνατό από... ε, από οτιδήποτε νόμιμο.","{""speaker"": ""r""}"
scenes/act2.md:1335:dialogue:0,scenes/act2.md,1335,dialogue,0,"Bottoms up, ^bee-yatch^!","Στην υγειά μας, ^τσούλα^!","{""speaker"": ""r""}"
scenes/act2.md:1348:choice:0,scenes/act2.md,1348,choice,0,Oh my God.,Ω Θεέ μου.,"{""anchor"": ""#act2g_1""}"
scenes/act2.md:1350:choice:0,scenes/act2.md,1350,choice,0,This is a bad coping mechanism.,Αυτό είναι κακός coping mechanism.,"{""anchor"": ""#act2g_2""}"
scenes/act2.md:1352:choice:0,scenes/act2.md,1352,choice,0,Don't take drinks from strangers.,Μην παίρνεις ποτά από ξένους.,"{""anchor"": ""#act2g_3""}"
scenes/act2.md:1356:dialogue:0,scenes/act2.md,1356,dialogue,0,O--,Ω--,"{""speaker"": ""b""}"
scenes/act2.md:1362:dialogue:0,scenes/act2.md,1362,dialogue,0,T--,Θ--,"{""speaker"": ""b""}"
scenes/act2.md:1368:dialogue:0,scenes/act2.md,1368,dialogue,0,D--,Δ--,"{""speaker"": ""b""}"
scenes/act2.md:1387:dialogue:0,scenes/act2.md,1387,dialogue,0,"Mmm, what an exquisite palette!","Μμμ, τι εκλεπτυσμένη παλέτα!","{""speaker"": ""h""}"
scenes/act2.md:1389:dialogue:0,scenes/act2.md,1389,dialogue,0,"A full-bodied flavor of ""shut your mind up,"" with a subtle aftertaste of ""never feel anything ever again""!","Γεύση ""σώπα το μυαλό σου"" με πλήρες σώμα, με λεπτό aftertaste του ""να μη νιώθεις τίποτα ποτέ ξανά""!","{""speaker"": ""h""}"
scenes/act2.md:1391:dialogue:0,scenes/act2.md,1391,dialogue,0,"This is bad, human. This is really, really bad.","Αυτό είναι κακό, άνθρωπος. Πραγματικά, πραγματικά κακό.","{""speaker"": ""b""}"
scenes/act2.md:1393:choice:0,scenes/act2.md,1393,choice,0,This is *actually* how addiction starts.,Έτσι *πραγματικά* ξεκινάει ο εθισμός.,"{""anchor"": ""#act2h_opt1""}"
scenes/act2.md:1395:choice:0,scenes/act2.md,1395,choice,0,I *knew* the host was deeply messed up!,Το *ήξερα* ότι ο host ήταν βαθιά χαλασμένος!,"{""anchor"": ""#act2h_opt3""}"
scenes/act2.md:1397:choice:0,scenes/act2.md,1397,choice,0,"Also, they could have drugged that!","Επίσης, μπορεί να το'χαν ναρκώσει!","{""anchor"": ""#act2h_opt2""}"
scenes/act2.md:1402:dialogue:0,scenes/act2.md,1402,dialogue,0,This is *actu*--,Αυτό είναι *πραγμα*--,"{""speaker"": ""b""}"
scenes/act2.md:1408:dialogue:0,scenes/act2.md,1408,dialogue,0,"Also, they co--","Επίσης, μπο--","{""speaker"": ""b""}"
scenes/act2.md:1414:dialogue:0,scenes/act2.md,1414,dialogue,0,I *knew* th--,Το *ήξε*--,"{""speaker"": ""b""}"
scenes/act2.md:1433:dialogue:0,scenes/act2.md,1433,dialogue,0,"Delicious, *and* cheaper than therapy!","Νόστιμο, *και* φθηνότερο από therapy!","{""speaker"": ""h""}"
scenes/act2.md:1435:dialogue:0,scenes/act2.md,1435,dialogue,0,HUMAN PLEASE STOP,ΑΝΘΡΩΠΕ ΣΕ ΠΑΡΑΚΑΛΩ ΣΤΑΜΑΤΑ,"{""speaker"": ""b""}"
scenes/act2.md:1437:dialogue:0,scenes/act2.md,1437,dialogue,0,Hehehe!,Χεχεχε!,"{""speaker"": ""h""}"
scenes/act2.md:1439:dialogue:0,scenes/act2.md,1439,dialogue,0,"And what are *you* gonna do about it, ^asshole^?","Και *εσύ* τι θα κάνεις γι' αυτό, ^μαλάκα^;","{""speaker"": ""h""}"
scenes/act2.md:1441:dialogue:0,scenes/act2.md,1441,dialogue,0,"I'm so sorry, human.","Λυπάμαι τόσο πολύ, άνθρωπος.","{""speaker"": ""b""}"
scenes/act2.md:1443:dialogue:0,scenes/act2.md,1443,dialogue,0,I'm going to have to use my SPECIAL ATTACK,Θα πρέπει να χρησιμοποιήσω το SPECIAL ATTACK μου,"{""speaker"": ""b""}"
scenes/act2.md:1470:dialogue:0,scenes/act2.md,1470,dialogue,0,What's this ^crap^?,Τι είναι αυτό το ^σκατά^;,"{""speaker"": ""h""}"
scenes/act2.md:1472:dialogue:0,scenes/act2.md,1472,dialogue,0,You're gonna yap more stupid *words* at me to--,Θα κελαηδάς περισσότερες χαζές *λέξεις* σε μένα για--,"{""speaker"": ""h""}"
scenes/act2.md:1508:dialogue:0,scenes/act2.md,1508,dialogue,0,WHAT THE ^HELL^ WAS THAT,ΤΙ ^ΔΙΑΟΛΟ^ ΗΤΑΝ ΑΥΤΟ,"{""speaker"": ""h""}"
scenes/act2.md:1510:dialogue:0,scenes/act2.md,1510,dialogue,0,I'm sorry. I needed to show you the consequences.,Λυπάμαι. Έπρεπε να σου δείξω τις συνέπειες.,"{""speaker"": ""b""}"
scenes/act2.md:1513:dialogue:0,scenes/act2.md,1513,dialogue,0,I COULD *SEE* MY OWN CORPSE. I COULD *FEEL* THE SENSATION OF BEING ACTUALLY DEAD.,ΜΠΟΡΟΥΣΑ ΝΑ *ΔΩ* ΤΟ ΔΙΚΟ ΜΟΥ ΠΤΩΜΑ. ΜΠΟΡΟΥΣΑ ΝΑ *ΝΙΩΣΩ* ΤΗΝ ΑΙΣΘΗΣΗ ΤΟΥ ΝΑ ΕΙΜΑΙ ΠΡΑΓΜΑΤΙΚΑ ΝΕΚΡΟΣ.,"{""speaker"": ""h""}"
scenes/act2.md:1517:dialogue:0,scenes/act2.md,1517,dialogue,0,I COULD *SEE* EVERYONE'S LOOK OF DISGUST. I COULD *HEAR* ALL THE THINGS THEY SAID.,ΜΠΟΡΟΥΣΑ ΝΑ *ΔΩ* ΤΗΝ ΕΚΦΡΑΣΗ ΑΠΟΡΡΗΤΟΥ ΟΛΩΝ. ΜΠΟΡΟΥΣΑ ΝΑ *ΑΚΟΥΣΩ* ΟΛΑ ΤΑ ΠΡΑΓΜΑΤΑ ΠΟΥ ΕΙΠΑΝ.,"{""speaker"": ""h""}"
scenes/act2.md:1521:dialogue:0,scenes/act2.md,1521,dialogue,0,I COULD *HEAR* THE CRUNCHING OF RIBS. I COULD *TASTE* THE BLOOD IN THE AIR.,ΜΠΟΡΟΥΣΑ ΝΑ *ΑΚΟΥΣΩ* ΤΟ ΤΡΙΖΗΜΑ ΤΩΝ ΠΛΕΥΡΩΝ. ΜΠΟΡΟΥΣΑ ΝΑ *ΓΕΥΤΩ* ΤΟ ΑΙΜΑ ΣΤΟΝ ΑΕΡΑ.,"{""speaker"": ""h""}"
scenes/act2.md:1524:dialogue:0,scenes/act2.md,1524,dialogue,0,"I'm sorry, human.","Λυπάμαι, άνθρωπος.","{""speaker"": ""b""}"
scenes/act2.md:1526:dialogue:0,scenes/act2.md,1526,dialogue,0,*FINISH THEM*,*ΤΕΛΕΙΩΣΕ ΤΟΥΣ*,"{""speaker"": ""n""}"
scenes/act2.md:1528:choice:0,scenes/act2.md,1528,choice,0,{FIGHT: Punch the host.},{FIGHT: Δώσε μπουνιά στον host.},"{""anchor"": ""#act2j_fight""}"
scenes/act2.md:1530:choice:0,scenes/act2.md,1530,choice,0,{FLIGHT: Let's get out of here.},{FLIGHT: Ας φύγουμε από εδώ.},"{""anchor"": ""#act2j_flight""}"
scenes/act2.md:1536:dialogue:0,scenes/act2.md,1536,dialogue,0,That psychopath was taking advantage of you.,Εκείνος ο ψυχοπαθής σε εκμεταλλευόταν.,"{""speaker"": ""b""}"
scenes/act2.md:1538:dialogue:0,scenes/act2.md,1538,dialogue,0,"They were trying to corrupt you, make you as messed up as they are!","Προσπαθούσαν να σε διαφθείρουν, να σε κάνουν τόσο χαλασμένο όσο αυτοί!","{""speaker"": ""b""}"
scenes/act2.md:1542:dialogue:0,scenes/act2.md,1542,dialogue,0,Punch that jerk! Knock their friggin' lights out!,Δώσ' του μπουνιά στον μαλάκα! Βγάλ' του τα φώτα!,"{""speaker"": ""b""}"
scenes/act2.md:1546:dialogue:0,scenes/act2.md,1546,dialogue,0,PUNCH THEM PUNCH THEM PUNCH THEM PUNCH THEM PUNCH THEM PUNCH THEM PUNCH THEM PUNCH THE--,ΜΠΟΥΝΙΑ ΜΠΟΥΝΙΑ ΜΠΟΥΝΙΑ ΜΠΟΥΝΙΑ ΜΠΟΥΝΙΑ ΜΠΟΥΝΙΑ ΜΠΟΥΝΙΑ ΜΠΟΥΝΙ--,"{""speaker"": ""b""}"
scenes/act2.md:1554:dialogue:0,scenes/act2.md,1554,dialogue,0,I *knew* all these partygoers were deeply messed up. They all dull their pain with horrible things!,Το *ήξερα* ότι όλοι αυτοί οι partiers ήταν βαθιά χαλασμένοι. Όλοι μουδιάζουν τον πόνο τους με φρικτά πράγματα!,"{""speaker"": ""b""}"
scenes/act2.md:1558:dialogue:0,scenes/act2.md,1558,dialogue,0,And they're tricking you into doing the same thing! They're corrupting you! We need to get out!,Και σε κοροϊδεύουν να κάνεις το ίδιο! Σε διαφθείρουν! Πρέπει να φύγουμε!,"{""speaker"": ""b""}"
scenes/act2.md:1562:dialogue:0,scenes/act2.md,1562,dialogue,0,GET OUT GET OUT GET OUT GET OUT GET OUT GET OUT GET OUT GET OUT GET OUT GET OU--,ΦΥΓΕ ΦΥΓΕ ΦΥΓΕ ΦΥΓΕ ΦΥΓΕ ΦΥΓΕ ΦΥΓΕ ΦΥΓΕ ΦΥΓΕ ΦΥ--,"{""speaker"": ""b""}"
scenes/act2.md:1591:dialogue:0,scenes/act2.md,1591,dialogue,0,"You alright, kid?","Είσαι καλά, μικρέ;","{""speaker"": ""r""}"
scenes/act2.md:1623:dialogue:0,scenes/act2.md,1623,dialogue,0,Y-you...,Ε-εσύ...,"{""speaker"": ""r""}"
scenes/act2.md:1633:dialogue:0,scenes/act2.md,1633,dialogue,0,are *kinky*.,είσαι *kinky*.,"{""speaker"": ""r""}"
scenes/act2.md:1635:dialogue:0,scenes/act2.md,1635,dialogue,0,"I like that. Come to my party next weekend, cutie.","Μ'αρέσει αυτό. Έλα στο πάρτι μου το επόμενο Σαββατοκύριακο, κούκλα.","{""speaker"": ""r""}"
scenes/act2.md:1642:dialogue:0,scenes/act2.md,1642,dialogue,0,"ok bye, ciao, adios, au revoir","ok bye, ciao, adios, au revoir","{""speaker"": ""h2""}"
scenes/act2.md:1644:dialogue:0,scenes/act2.md,1644,dialogue,0,"The animal might have won today, but come back, and I'll mix something even stronger for you!","Το ζώο μπορεί να κέρδισε σήμερα, αλλά γύρνα, και θα φτιάξω κάτι ακόμα πιο δυνατό για σένα!","{""speaker"": ""r""}"
scenes/act2.md:1646:dialogue:0,scenes/act2.md,1646,dialogue,0,"sayōnara, auf wiedersehen, zài jiàn, shalom","sayōnara, auf wiedersehen, zài jiàn, shalom","{""speaker"": ""h2""}"
scenes/act2.md:1648:dialogue:0,scenes/act2.md,1648,dialogue,0,"You and me, kid, we'll show that beast who's boss!","Εσύ κι εγώ, μικρέ, θα δείξουμε σε εκείνο το θηρίο ποιος κυβερνά!","{""speaker"": ""r""}"
scenes/act2.md:1656:dialogue:0,scenes/act2.md,1656,dialogue,0,ok sorry i have to run,ok sorry πρέπει να φύγω,"{""speaker"": ""h2""}"
scenes/act2.md:1660:dialogue:0,scenes/act2.md,1660,dialogue,0,"^Damn^ it. The animal won today, huh?","^Γαμώ^το. Το ζώο κέρδισε σήμερα, ε;","{""speaker"": ""r""}"
scenes/act2.md:1664:dialogue:0,scenes/act2.md,1664,dialogue,0,"no no, just, uh, gotta run a marathon. gotta go fast.","όχι όχι, απλά, εμ, πρέπει να τρέξω μαραθώνιο. gotta go fast.","{""speaker"": ""h2""}"
scenes/act2.md:1668:dialogue:0,scenes/act2.md,1668,dialogue,0,"Come to my party next weekend, cutie. I'll mix something even stronger for you.","Έλα στο πάρτι μου το επόμενο Σαββατοκύριακο, κούκλα. Θα φτιάξω κάτι ακόμα πιο δυνατό για σένα.","{""speaker"": ""r""}"
scenes/act2.md:1670:dialogue:0,scenes/act2.md,1670,dialogue,0,ok thanks gonna run run run run run,ok thanks θα τρέξω run run run run,"{""speaker"": ""h2""}"
scenes/act2.md:1672:dialogue:0,scenes/act2.md,1672,dialogue,0,"You and me, kid, we'll show that beast who's boss!","Εσύ κι εγώ, μικρέ, θα δείξουμε σε εκείνο το θηρίο ποιος κυβερνά!","{""speaker"": ""r""}"
scenes/act2.md:1695:dialogue:0,scenes/act2.md,1695,dialogue,0,Human! Are you okay?!,Άνθρωπος! Είσαι καλά;,"{""speaker"": ""b""}"
scenes/act2.md:1701:dialogue:0,scenes/act2.md,1701,dialogue,0,"Gosh, that was *close.* We really could've--","Θεέ μου, ήταν *κοντά.* Πραγματικά θα μπορούσαμε--","{""speaker"": ""b""}"
scenes/act2.md:1719:dialogue:0,scenes/act2.md,1719,dialogue,0,I'm coming back to the party next weekend.,Θα γυρίσω στο πάρτι το επόμενο Σαββατοκύριακο.,"{""speaker"": ""h""}"
scenes/act2.md:1721:dialogue:0,scenes/act2.md,1721,dialogue,0,"The next time we fight, I'm not just going to *defeat* you...","Την επόμενη φορά που θα πολεμήσουμε, δεν θα σε *νικήσω* απλά...","{""speaker"": ""h""}"
scenes/act2.md:1723:dialogue:0,scenes/act2.md,1723,dialogue,0,I'm going to ^fuck^ing *kill* you.,Θα σε ^γαμήσω^ *σκοτώσω*.,"{""speaker"": ""h""}"
scenes/act3.md:9:dialogue:0,scenes/act3.md,9,dialogue,0,Cheers!,Στην υγειά μας!,"{""speaker"": ""r""}"
scenes/act3.md:26:dialogue:0,scenes/act3.md,26,dialogue,0,*Ah* that hits the spot.,*Αχ* αυτό χτυπάει ακριβώς εκεί που πρέπει.,"{""speaker"": ""h2""}"
scenes/act3.md:33:dialogue:0,scenes/act3.md,33,dialogue,0,"You know, kid...","Ξέρεις, μικρέ...","{""speaker"": ""r""}"
scenes/act3.md:40:dialogue:0,scenes/act3.md,40,dialogue,0,"Specifically, the spots hit are my left and right amygdala.","Συγκεκριμένα, χτυπάνε το δεξί και το αριστερό αμυγδαλοειδές μου.","{""speaker"": ""h2""}"
scenes/act3.md:47:dialogue:0,scenes/act3.md,47,dialogue,0,You remind me of myself when I was younger. Back when I was tormented by the animal in my head.,Μου θυμίζεις τον εαυτό μου όταν ήμουν νεότερος. Τότε που με βασάνιζε το ζώο στο κεφάλι μου.,"{""speaker"": ""r""}"
scenes/act3.md:54:dialogue:0,scenes/act3.md,54,dialogue,0,"I'm so grateful I can pay it forward, and help you kill the beast the way I killed mine.",Είμαι τόσο χαρούμενος που μπορώ να το περάσω παρακάτω και να σε βοηθήσω να σκοτώσεις το θηρίο όπως σκότωσα το δικό μου.,"{""speaker"": ""r""}"
scenes/act3.md:60:dialogue:0,scenes/act3.md,60,dialogue,0,"Hey, quick question: truth or da--","Έι, μια γρήγορη ερώτηση: truth or da--","{""speaker"": ""r""}"
scenes/act3.md:68:dialogue:0,scenes/act3.md,68,dialogue,0,DARE!,ΠΡΟΚΛΗΣΗ!,"{""speaker"": ""h2""}"
scenes/act3.md:76:dialogue:0,scenes/act3.md,76,dialogue,0,Haha! Good.,Χαχα! Ωραία.,"{""speaker"": ""r""}"
scenes/act3.md:83:dialogue:0,scenes/act3.md,83,dialogue,0,Ok. You see that baby-blue swimming pool down there?,Οκ. Βλέπεις εκείνη την πισίνα baby-blue κάτω;,"{""speaker"": ""r""}"
scenes/act3.md:91:dialogue:0,scenes/act3.md,91,dialogue,0,Yeah? Six floors down?,Ναι; Έξι όροφους κάτω;,"{""speaker"": ""h2""}"
scenes/act3.md:98:dialogue:0,scenes/act3.md,98,dialogue,0,Jump in.,Πήδα μέσα.,"{""speaker"": ""r""}"
scenes/act3.md:105:dialogue:0,scenes/act3.md,105,dialogue,0,...,...,"{""speaker"": ""h2""}"
scenes/act3.md:111:dialogue:0,scenes/act3.md,111,dialogue,0,"Wait, what?","Περίμενε, τι;","{""speaker"": ""h2""}"
scenes/act3.md:118:dialogue:0,scenes/act3.md,118,dialogue,0,"The animal's started whining, hasn't it?","Το ζώο άρχισε να μουρμουρίζει, έτσι δεν είναι;","{""speaker"": ""r""}"
scenes/act3.md:124:dialogue:0,scenes/act3.md,124,dialogue,0,"*Oh nooooo it's dangerous, don't do iiiiit.*","*Ωχ όχιιιιι είναι επικίνδυνο, μην το κάνειιιις.*","{""speaker"": ""r""}"
scenes/act3.md:130:dialogue:0,scenes/act3.md,130,dialogue,0,"But that's exactly why we need death-defying thrills! Party hard! Carpe diem! Snort coke off a hooker's ^ass^, #YOLO!","Αλλά γι' αυτό ακριβώς χρειαζόμαστε συγκινήσεις που ξεφεύγουν από τον θάνατο! Πάρτι σκληρά! Carpe diem! Σνιφάρε κόκα από τον ^ass^ μιας hooker, #YOLO!","{""speaker"": ""r""}"
scenes/act3.md:136:dialogue:0,scenes/act3.md,136,dialogue,0,Show that animal we don't give two *^dick^s* about its ^bitch^ing! Jump in.,Δείξε στο ζώο ότι δεν μας νοιάζουν δύο *^πουλιά^* για το ^καριόλα^-γκρίνια του! Πήδα μέσα.,"{""speaker"": ""r""}"
scenes/act3.md:143:dialogue:0,scenes/act3.md,143,dialogue,0,"Uh, but sometimes, um... fear has a point...","Ε, αλλά μερικές φορές, εμ... ο φόβος έχει νόημα...","{""speaker"": ""h2""}"
scenes/act3.md:151:dialogue:0,scenes/act3.md,151,dialogue,0,...,...,"{""speaker"": ""r""}"
scenes/act3.md:159:dialogue:0,scenes/act3.md,159,dialogue,0,"I'm sorry, did you fall for that McMindfulness propaganda that claims feeling bad is *good?*","Συγγνώμη, πέσατε στην προπαγάνδα McMindfulness που λέει ότι το να νιώθεις άσχημα είναι *καλό;*","{""speaker"": ""r""}"
scenes/act3.md:165:dialogue:0,scenes/act3.md,165,dialogue,0,"The ^assholes^ who run this world give the rest of *us* anxiety and depression,","Οι ^μαλάκες^ που κυβερνάνε αυτόν τον κόσμο δίνουν σε *εμάς* άγχος και κατάθλιψη,","{""speaker"": ""r""}"
scenes/act3.md:171:dialogue:0,scenes/act3.md,171,dialogue,0,"Then make TED Talks to tell us to ""accept"" being ^fucked^ over, and ""embrace"" that sadistic demon in our heads!","Και μετά κάνουν TED Talks για να μας πουν να ""αποδεχτούμε"" που μας ^γαμάνε^, και να ""αγκαλιάσουμε"" εκείνο το σαδιστικό δαίμονα στο κεφάλι μας!","{""speaker"": ""r""}"
scenes/act3.md:177:dialogue:0,scenes/act3.md,177,dialogue,0,"Kid, I know that *you* know that animal *hurts* people like us. It *tortures* people like us.","Μικρέ, ξέρω ότι *εσύ* ξέρεις ότι το ζώο *βλάπτει* ανθρώπους σαν εμάς. *Βασανίζει* ανθρώπους σαν εμάς.","{""speaker"": ""r""}"
scenes/act3.md:183:dialogue:0,scenes/act3.md,183,dialogue,0,"It's not our friend. It's a rabid beast, which either needs to be *tranquilized*,","Δεν είναι φίλος μας. Είναι λυσσασμένο θηρίο, που είτε πρέπει να *ηρεμήσει*,","{""speaker"": ""r""}"
scenes/act3.md:189:dialogue:0,scenes/act3.md,189,dialogue,0,Or have a *bullet put in its skull*.,Είτε να του *βάλουν σφαίρα στο κρανίο*.,"{""speaker"": ""r""}"
scenes/act3.md:195:dialogue:0,scenes/act3.md,195,dialogue,0,"Otherwise, you're going to let it win.",Αλλιώς θα το αφήσεις να κερδίσει.,"{""speaker"": ""r""}"
scenes/act3.md:203:dialogue:0,scenes/act3.md,203,dialogue,0,No. You're wrong.,Όχι. Έχεις λάθος.,"{""speaker"": ""h2""}"
scenes/act3.md:213:dialogue:0,scenes/act3.md,213,dialogue,0,I'm not going to let it win.,Δεν πρόκειται να το αφήσω να κερδίσει.,"{""speaker"": ""h2""}"
scenes/act3.md:222:dialogue:0,scenes/act3.md,222,dialogue,0,"^Fuck^ yeah! I believe in you, babe! Kill it! <3","^Γαμώ^ ναι! Πιστεύω σε σένα, μωρό μου! Σκότωσέ το! <3","{""speaker"": ""r""}"
scenes/act3.md:243:dialogue:0,scenes/act3.md,243,dialogue,0,no no no no no no,όχι όχι όχι όχι όχι όχι,"{""speaker"": ""b""}"
scenes/act3.md:245:dialogue:0,scenes/act3.md,245,dialogue,0,"THIS CHAPTER HAS TWO POSSIBLE ENDINGS. ONE IS *VERY, VERY BAD.*","ΑΥΤΟ ΤΟ ΚΕΦΑΛΑΙΟ ΕΧΕΙ ΔΥΟ ΠΙΘΑΝΑ ΤΕΛΗ. ΤΟ ΕΝΑ ΕΙΝΑΙ *ΠΟΛΥ, ΠΟΛΥ ΚΑΚΟ.*","{""speaker"": ""n""}"
scenes/act3.md:247:dialogue:0,scenes/act3.md,247,dialogue,0,NO NO NO NO NO NO NO NO NO NO NO NO NO NO,ΟΧΙ ΟΧΙ ΟΧΙ ΟΧΙ ΟΧΙ ΟΧΙ ΟΧΙ ΟΧΙ ΟΧΙ ΟΧΙ ΟΧΙ ΟΧΙ ΟΧΙ ΟΧΙ,"{""speaker"": ""b""}"
scenes/act3.md:249:dialogue:0,scenes/act3.md,249,dialogue,0,CHOOSE WISELY. PROTECT YOUR HUMAN,ΔΙΑΛΕΞΕ ΣΟΦΑ. ΠΡΟΣΤΑΤΕΨΕ ΤΟΝ ΑΝΘΡΩΠΟ ΣΟΥ,"{""speaker"": ""n""}"
scenes/act3.md:253:dialogue:0,scenes/act3.md,253,dialogue,0,AAAAAAAAAAAAAAAAAA,ΑΑΑΑΑΑΑΑΑΑΑΑΑΑΑΑΑΑ,"{""speaker"": ""b""}"
scenes/act3.md:257:dialogue:0,scenes/act3.md,257,dialogue,0,GOOD LUCK,ΚΑΛΗ ΤΥΧΗ,"{""speaker"": ""n""}"
scenes/act3.md:264:choice:0,scenes/act3.md,264,choice,0,"Human, you could actually DIE here!","Άνθρωπος, εδώ μπορείς να ΠΕΘΑΝΕΙΣ στ' αλήθεια!","{""anchor"": ""#act3a_harm""}"
scenes/act3.md:266:choice:0,scenes/act3.md,266,choice,0,This is stupid and self-destructive!,Είναι χαζό και αυτοκαταστροφικό!,"{""anchor"": ""#act3a_bad""}"
scenes/act3.md:268:choice:0,scenes/act3.md,268,choice,0,These sickos aren't really your friends!,Αυτοί οι αρρωστημένοι δεν είναι πραγματικά φίλοι σου!,"{""anchor"": ""#act3a_alone""}"
scenes/act3.md:274:dialogue:0,scenes/act3.md,274,dialogue,0,H--,Χ--,"{""speaker"": ""b""}"
scenes/act3.md:282:dialogue:0,scenes/act3.md,282,dialogue,0,T--,Τ--,"{""speaker"": ""b""}"
scenes/act3.md:290:dialogue:0,scenes/act3.md,290,dialogue,0,T--,Τ--,"{""speaker"": ""b""}"
scenes/act3.md:310:dialogue:0,scenes/act3.md,310,dialogue,0,"You know, I might've believed you... if you hadn't tried that a zillion times before.","Ξέρεις, ίσως να σ' είχα πιστέψει... αν δεν το είχες δοκιμάσει εκατομμύρια φορές πριν.","{""speaker"": ""h""}"
scenes/act3.md:312:dialogue:0,scenes/act3.md,312,dialogue,0,You're the wolf who cried wolf.,Είσαι ο λύκος που φώναζε λύκο.,"{""speaker"": ""h""}"
scenes/act3.md:357:dialogue:0,scenes/act3.md,357,dialogue,0,You tried that too.,Κι αυτό το δοκίμασες.,"{""speaker"": ""h""}"
scenes/act3.md:359:dialogue:0,scenes/act3.md,359,dialogue,0,"human, please...","άνθρωπος, σε παρακαλώ...","{""speaker"": ""b""}"
scenes/act3.md:363:dialogue:0,scenes/act3.md,363,dialogue,0,Oh I'm *sorry* Big Pharma doesn't approve of my self-medication.,"Ω, *συγγνώμη*, η Big Pharma δεν εγκρίνει την αυτοφαρμακεία μου.","{""speaker"": ""h""}"
scenes/act3.md:365:dialogue:0,scenes/act3.md,365,dialogue,0,"Look ^asshole^, we *all* have a way of shutting you the ^fuck^ up.","Άκου ^μαλάκα^, *όλοι* έχουμε τρόπο να σ' κλείσουμε το στόμα ^γαμώ^.","{""speaker"": ""h""}"
scenes/act3.md:369:dialogue:0,scenes/act3.md,369,dialogue,0,Some people throw themselves into work.,Κάποιοι ρίχνονται στη δουλειά.,"{""speaker"": ""h""}"
scenes/act3.md:373:dialogue:0,scenes/act3.md,373,dialogue,0,"Some people throw themselves into sex, drugs, and refreshing their Facebook feed.","Κάποιοι ρίχνονται στο σεξ, τα ναρκωτικά και το refresh του Facebook feed.","{""speaker"": ""h""}"
scenes/act3.md:377:dialogue:0,scenes/act3.md,377,dialogue,0,Some people throw themselves into other people. ,Κάποιοι ρίχνονται πάνω σε άλλους ανθρώπους.,"{""speaker"": ""h""}"
scenes/act3.md:381:dialogue:0,scenes/act3.md,381,dialogue,0,I'm going to throw myself into that swimming pool.,Εγώ θα ριχτώ σε εκείνη την πισίνα.,"{""speaker"": ""h""}"
scenes/act3.md:383:choice:0,scenes/act3.md,383,choice,0,You're drunk and it's SIX FLOORS DOWN,Είσαι μεθυσμένος και είναι ΕΞΙ ΟΡΟΦΟΥΣ ΚΑΤΩ,"{""anchor"": ""#act3_bad_1_harm""}"
scenes/act3.md:385:choice:0,scenes/act3.md,385,choice,0,"Dang it, this is the thanks I get?!","Κατάρα, αυτά είναι τα ευχαριστήρια που παίρνω;","{""anchor"": ""#act3_bad_1_insult""}"
scenes/act3.md:387:choice:0,scenes/act3.md,387,choice,0,"Okay, I admit it. I messed up.","Εντάξει, το παραδέχομαι. Τα έκανα θάλασσα.","{""anchor"": ""#act3_good_1""}"
scenes/act3.md:391:dialogue:0,scenes/act3.md,391,dialogue,0,"Even if you land in the water, the surface tension will crack your ribs and give you a concussion *at the least!*","Ακόμα κι αν προσγειωθείς στο νερό, η επιφανειακή τάση θα σου σπάσει τις πλευρές και θα σου δώσει διάσειση *τουλάχιστον!*","{""speaker"": ""b""}"
scenes/act3.md:393:dialogue:0,scenes/act3.md,393,dialogue,0,Eh.,Ε.,"{""speaker"": ""h""}"
scenes/act3.md:409:dialogue:0,scenes/act3.md,409,dialogue,0,I saw a Russian guy do this on YouTube once.,Είδα κάποιον Ρώσο να το κάνει αυτό στο YouTube μια φορά.,"{""speaker"": ""h""}"
scenes/act3.md:417:dialogue:0,scenes/act3.md,417,dialogue,0,"I- Excuse me, the *thanks?*","Ε- Συγγνώμη, τα *ευχαριστήρια;*","{""speaker"": ""h""}"
scenes/act3.md:421:dialogue:0,scenes/act3.md,421,dialogue,0,This is exactly why I *exist!* Because humans can't be trusted to protect themselves!,Γι' αυτό ακριβώς *υπάρχω!* Επειδή οι άνθρωποι δεν μπορούν να εμπιστευτούν τον εαυτό τους να προστατευτεί!,"{""speaker"": ""b""}"
scenes/act3.md:423:dialogue:0,scenes/act3.md,423,dialogue,0,I've been trying to protect your stupid butt all my life and now you're just going t--,Προσπαθώ να προστατεύσω το χαζοκώλο σου όλη μου τη ζωή και τώρα απλά θα--,"{""speaker"": ""b""}"
scenes/act3.md:445:dialogue:0,scenes/act3.md,445,dialogue,0,heh.,χε.,"{""speaker"": ""h""}"
scenes/act3.md:449:dialogue:0,scenes/act3.md,449,dialogue,0,hahahaha,χαχαχα,"{""speaker"": ""h""}"
scenes/act3.md:453:dialogue:0,scenes/act3.md,453,dialogue,0,HAHAHAHAHAHA,ΧΑΧΑΧΑΧΑΧΑΧΑ,"{""speaker"": ""h""}"
scenes/act3.md:460:dialogue:0,scenes/act3.md,460,dialogue,0,Oh WOW is that the biggest *^fuck^ing* understatement of the century!,"Ω WOW, αυτό είναι η μεγαλύτερη *^γαμημένη^* υποβάθμιση του αιώνα!","{""speaker"": ""h""}"
scenes/act3.md:464:dialogue:0,scenes/act3.md,464,dialogue,0,"Yeah, you rotting pile of blood-coated ^shit^! You messed the ^fuck^ up!","Ναι, σάπιο σωρό από ^σκατά^ βουλυμένο σε αίμα! Τα έκανες ^γαμώ^-θάλασσα!","{""speaker"": ""h""}"
scenes/act3.md:468:dialogue:0,scenes/act3.md,468,dialogue,0,"Any other remarks, Captain Obvious?","Άλλες παρατηρήσεις, Καπετάνιε Προφανές;","{""speaker"": ""h""}"
scenes/act3.md:470:choice:0,scenes/act3.md,470,choice,0,But revenge on me isn't the answer!,Αλλά η εκδίκηση εναντίον μου δεν είναι η απάντηση!,"{""anchor"": ""#act3_good_1_fail_revenge""}"
scenes/act3.md:472:choice:0,scenes/act3.md,472,choice,0,But this time I'm *actually* right!,Αλλά αυτή τη φορά έχω *πραγματικά* δίκιο!,"{""anchor"": ""#act3_good_1_fail_harm""}"
scenes/act3.md:474:choice:0,scenes/act3.md,474,choice,0,I've hurt you.,Σε πλήγωσα.,"{""anchor"": ""#act3_good_2a""}"
scenes/act3.md:479:dialogue:0,scenes/act3.md,479,dialogue,0,"You need to have a healthier relationship with your emotions, rather than drown them wi--","Πρέπει να έχεις πιο υγιή σχέση με τα συναισθήματά σου, αντί να τα πνίγεις με--","{""speaker"": ""b""}"
scenes/act3.md:501:dialogue:0,scenes/act3.md,501,dialogue,0,"So please, put the bottle down and let's--","Οπότε σε παρακαλώ, βάλε το μπουκάλι κάτω και ας--","{""speaker"": ""b""}"
scenes/act3.md:526:dialogue:0,scenes/act3.md,526,dialogue,0,please... don't...,σε παρακαλώ... μην...,"{""speaker"": ""b""}"
scenes/act3.md:528:dialogue:0,scenes/act3.md,528,dialogue,0,"Your energy bar's looking awfully low there, wolf.","Η μπάρα ενέργειάς σου φαίνεται πολύ χαμηλή εκεί, λύκε.","{""speaker"": ""h""}"
scenes/act3.md:530:dialogue:0,scenes/act3.md,530,dialogue,0,"If I were you, I'd choose your next words very carefully.","Αν ήμουν εσύ, θα διάλεγα τις επόμενες λέξεις μου πολύ προσεκτικά.","{""speaker"": ""h""}"
scenes/act3.md:534:choice:0,scenes/act3.md,534,choice,0,Fine. I'm done protecting you.,Εντάξει. Τελείωσα να σε προστατεύω.,"{""anchor"": ""#act3_bad_2_jump""}"
scenes/act3.md:536:choice:0,scenes/act3.md,536,choice,0,I was right all along.,Είχα δίκιο από την αρχή.,"{""anchor"": ""#act3_bad_2_right""}"
scenes/act3.md:538:choice:0,scenes/act3.md,538,choice,0,I'm sorry.,Λυπάμαι.,"{""anchor"": ""#act3_good_2b""}"
scenes/act3.md:543:dialogue:0,scenes/act3.md,543,dialogue,0,"So, go ahead and jump. See what I care.","Λοιπόν, πήδα. Να δω τι με νοιάζει.","{""speaker"": ""b""}"
scenes/act3.md:547:dialogue:0,scenes/act3.md,547,dialogue,0,...,...,"{""speaker"": ""h""}"
scenes/act3.md:554:dialogue:0,scenes/act3.md,554,dialogue,0,Okay then. Bottoms up.,Εντάξει λοιπόν. Εις υγείαν.,"{""speaker"": ""h""}"
scenes/act3.md:561:dialogue:0,scenes/act3.md,561,dialogue,0,WAIT NO THAT WAS REVERSE PSYCHOLOGY YOU WERE SUPPOSED TO DO THE *OPPOSITE* OF WHAT I SA--,ΠΕΡΙΜΕΝΕ ΟΧΙ ΑΥΤΟ ΗΤΑΝ ΑΝΤΙΣΤΡΟΦΗ ΨΥΧΟΛΟΓΙΑ ΕΠΡΕΠΕ ΝΑ ΚΑΝΕΙΣ ΤΟ *ΑΝΤΙΘΕΤΟ* ΑΠ' ΑΥΤΟ ΠΟΥ ΕΙΠ--,"{""speaker"": ""b""}"
scenes/act3.md:571:dialogue:0,scenes/act3.md,571,dialogue,0,You *are* putting yourself in danger. Your so-called friends *are* using you. And *you* are using your so-called friends.,Εσύ *βάζεις* τον εαυτό σου σε κίνδυνο. Οι λεγόμενοι φίλοι σου *σε χρησιμοποιούν*. Και *εσύ* χρησιμοποιείς τους λεγόμενους φίλους σου.,"{""speaker"": ""b""}"
scenes/act3.md:575:dialogue:0,scenes/act3.md,575,dialogue,0,"So please, human... why don't you believe me?!","Οπότε σε παρακαλώ, άνθρωπος... γιατί δεν με πιστεύεις;","{""speaker"": ""b""}"
scenes/act3.md:577:dialogue:0,scenes/act3.md,577,dialogue,0,Because you never believed in *me*.,Γιατί εσύ ποτέ δεν πίστεψες σε *μένα*.,"{""speaker"": ""h""}"
scenes/act3.md:586:dialogue:0,scenes/act3.md,586,dialogue,0,"Other guard-wolves have humans who actually take time to patiently train them, to *learn* to work together,","Άλλοι guard-wolves έχουν ανθρώπους που αφιερώνουν χρόνο να τους εκπαιδεύουν υπομονετικά, να *μάθουν* να δουλεύουν μαζί,","{""speaker"": ""b""}"
scenes/act3.md:588:dialogue:0,scenes/act3.md,588,dialogue,0,Rather than hate the guard-wolves for trying to protect them! So why can't you jus--,Αντί να μισούν τους guard-wolves που προσπαθούν να τους προστατεύσουν! Γιατί εσύ δεν μπορείς απλά--,"{""speaker"": ""b""}"
scenes/act3.md:592:dialogue:0,scenes/act3.md,592,dialogue,0,Wrong ^fuck^ing answer.,Λάθος ^γαμημένη^ απάντηση.,"{""speaker"": ""h""}"
scenes/act3.md:617:dialogue:0,scenes/act3.md,617,dialogue,0,"*""The only thing to fear is fear itself.""*","*""Το μόνο που έχουμε να φοβόμαστε είναι ο φόβος ο ίδιος.""*","{""speaker"": ""h""}"
scenes/act3.md:621:dialogue:0,scenes/act3.md,621,dialogue,0,"*""Don't worry, be happy!""*","*""Don't worry, be happy!""*","{""speaker"": ""h""}"
scenes/act3.md:625:dialogue:0,scenes/act3.md,625,dialogue,0,All the wise folk of our time agree: negative emotions are *bad!*,Όλοι οι σοφοί της εποχής μας συμφωνούν: τα αρνητικά συναισθήματα είναι *κακά!*,"{""speaker"": ""h""}"
scenes/act3.md:629:dialogue:0,scenes/act3.md,629,dialogue,0,Duh! That's why they're called *negative!*,Ντάα! Γι' αυτό λέγονται *αρνητικά!*,"{""speaker"": ""h""}"
scenes/act3.md:631:dialogue:0,scenes/act3.md,631,dialogue,0,human... please...,άνθρωπος... σε παρακαλώ...,"{""speaker"": ""b""}"
scenes/act3.md:635:dialogue:0,scenes/act3.md,635,dialogue,0,"A while back, I said: “I just want to be free from all this pain.”","Πριν από λίγο καιρό, είπα: «Απλά θέλω να είμαι ελεύθερος από όλο αυτόν τον πόνο.»","{""speaker"": ""h""}"
scenes/act3.md:637:dialogue:0,scenes/act3.md,637,dialogue,0,"I got my wish. I no longer feel pain, or fear, or anxiety...","Πήρα την ευχή μου. Δεν νιώθω πια πόνο, ή φόβο, ή άγχος...","{""speaker"": ""h""}"
scenes/act3.md:639:dialogue:0,scenes/act3.md,639,dialogue,0,I don't feel anything at all.,Δεν νιώθω τίποτα καθόλου.,"{""speaker"": ""h""}"
scenes/act3.md:651:dialogue:0,scenes/act3.md,651,dialogue,0,"I was so obsessed with making sure nothing else hurt you, that I didn't realize *I* was creating the hurt.","Ήμουν τόσο εμμονικός να βεβαιωθώ ότι τίποτα άλλο δεν θα σε πλήγωνε, που δεν κατάλαβα ότι *εγώ* δημιουργούσα τον πόνο.","{""speaker"": ""b""}"
scenes/act3.md:658:dialogue:0,scenes/act3.md,658,dialogue,0,NO. S^HIT^.,ΟΧΙ. Σ^ΚΑΤΑ^.,"{""speaker"": ""h""}"
scenes/act3.md:662:dialogue:0,scenes/act3.md,662,dialogue,0,^GODDAMN^. It really took you this long to finally figure it out?!,^ΓΑΜΩΤΟ^. Πράγματι σου πήρε τόσο πολύ να το καταλάβεις τελικά;,"{""speaker"": ""h""}"
scenes/act3.md:666:dialogue:0,scenes/act3.md,666,dialogue,0,"You could've saved us so much trouble, you big fluffy dumb^ass^. Why didn't you realize this sooner?...","Θα μας είχες γλιτώσει τόσο μπέρδεμα, μεγάλο χνουδωτό χαζο^κώλο^. Γιατί δεν το κατάλαβες νωρίτερα;...","{""speaker"": ""h""}"
scenes/act3.md:678:dialogue:0,scenes/act3.md,678,dialogue,0,...you're *sorry.*,...*λυπάσαι*.,"{""speaker"": ""h""}"
scenes/act3.md:682:dialogue:0,scenes/act3.md,682,dialogue,0,...,...,"{""speaker"": ""h""}"
scenes/act3.md:684:dialogue:0,scenes/act3.md,684,dialogue,0,Sorry for *what*?,Λυπάσαι για *τι*;,"{""speaker"": ""h""}"
scenes/act3.md:706:choice:0,scenes/act3.md,706,choice,0,I'm sorry I wasn't a good protector.,Λυπάμαι που δεν ήμουν καλός προστάτης.,"{""anchor"": ""#act3_good_3_protector""}"
scenes/act3.md:708:choice:0,scenes/act3.md,708,choice,0,I'm sorry I didn't respect you.,Λυπάμαι που δεν σ' είχα σεβαστεί.,"{""anchor"": ""#act3_good_3_respect""}"
scenes/act3.md:710:choice:0,scenes/act3.md,710,choice,0,I'm sorry.,Λυπάμαι.,"{""anchor"": ""#act3_good_4""}"
scenes/act3.md:717:choice:0,scenes/act3.md,717,choice,0,I'm sorry I have a terrible human!,Λυπάμαι που έχω τρομερό άνθρωπο!,"{""anchor"": ""#act3_bad_2_terrible""}"
scenes/act3.md:719:choice:0,scenes/act3.md,719,choice,0,I'm sorry I didn't respect you.,Λυπάμαι που δεν σ' είχα σεβαστεί.,"{""anchor"": ""#act3_good_3_respect""}"
scenes/act3.md:721:choice:0,scenes/act3.md,721,choice,0,I'm sorry I hurt you.,Λυπάμαι που σε πλήγωσα.,"{""anchor"": ""#act3_good_3_hurt""}"
scenes/act3.md:729:dialogue:0,scenes/act3.md,729,dialogue,0,"It's my duty to warn you against *real* danger, but I kept barking at cars and the mailman.","Είναι καθήκον μου να σε προειδοποιώ για *πραγματικό* κίνδυνο, αλλά συνέχιζα να γαβγίζω σε αυτοκίνητα και τον ταχυδρόμο.","{""speaker"": ""b""}"
scenes/act3.md:733:dialogue:0,scenes/act3.md,733,dialogue,0,Barking at shadows. Barking so much.,Γαβγίζοντας σε σκιές. Γαβγίζοντας τόσο πολύ.,"{""speaker"": ""b""}"
scenes/act3.md:737:dialogue:0,scenes/act3.md,737,dialogue,0,It only makes sense that you'd want to muzzle me.,Είναι λογικό να θες να μου βάλεις φίμωτρο.,"{""speaker"": ""b""}"
scenes/act3.md:741:dialogue:0,scenes/act3.md,741,dialogue,0,I'm sorry.,Λυπάμαι.,"{""speaker"": ""b""}"
scenes/act3.md:751:dialogue:0,scenes/act3.md,751,dialogue,0,"I was supposed to be *your* loyal guard-dog, but I acted as if you were supposed to obey *me*.","Έπρεπε να είμαι ο *πιστός* σου guard-dog, αλλά συμπεριφερόμουν σαν να έπρεπε εσύ να υπακούς *εμένα*.","{""speaker"": ""b""}"
scenes/act3.md:755:dialogue:0,scenes/act3.md,755,dialogue,0,"There's a difference between a protector and a prison warden, and I crossed the line.","Υπάρχει διαφορά ανάμεσα σε προστάτη και φύλακα φυλακής, και την πέρασα.","{""speaker"": ""b""}"
scenes/act3.md:759:dialogue:0,scenes/act3.md,759,dialogue,0,I'm sorry.,Λυπάμαι.,"{""speaker"": ""b""}"
scenes/act3.md:769:dialogue:0,scenes/act3.md,769,dialogue,0,"I was so obsessed with trying to protect you from being hurt, I never stopped to realize *I* was hurting you.","Ήμουν τόσο εμμονικός στο να σε προστατεύω από τον πόνο, που δεν σταμάτησα ποτέ να καταλάβω ότι *εγώ* σε πλήγωνα.","{""speaker"": ""b""}"
scenes/act3.md:773:dialogue:0,scenes/act3.md,773,dialogue,0,I was a bad dog.,Ήμουν κακό σκυλί.,"{""speaker"": ""b""}"
scenes/act3.md:777:dialogue:0,scenes/act3.md,777,dialogue,0,I'm sorry.,Λυπάμαι.,"{""speaker"": ""b""}"
scenes/act3.md:789:dialogue:0,scenes/act3.md,789,dialogue,0,...,...,"{""speaker"": ""h""}"
scenes/act3.md:795:dialogue:0,scenes/act3.md,795,dialogue,0,"Yeah, well, this was a dumb idea anyway.","Ναι, ε, αυτή ήταν χαζή ιδέα ούτως ή άλλως.","{""speaker"": ""h""}"
scenes/act3.md:797:dialogue:0,scenes/act3.md,797,dialogue,0,"I only did this to mess you up, and, well, I messed you up.","Το έκανα μόνο για να σε χαλάσω, και, ε, σε χάλασα.","{""speaker"": ""h""}"
scenes/act3.md:799:dialogue:0,scenes/act3.md,799,dialogue,0,"Let's just call this round a tie, okay?","Ας πούμε ότι αυτός ο γύρος είναι ισοπαλία, εντάξει;","{""speaker"": ""h""}"
scenes/act3.md:806:dialogue:0,scenes/act3.md,806,dialogue,0,...,...,"{""speaker"": ""b""}"
scenes/act3.md:808:dialogue:0,scenes/act3.md,808,dialogue,0,Okay.,Εντάξει.,"{""speaker"": ""b""}"
scenes/act3.md:810:dialogue:0,scenes/act3.md,810,dialogue,0,Okay.,Εντάξει.,"{""speaker"": ""h""}"
scenes/act3.md:812:dialogue:0,scenes/act3.md,812,dialogue,0,*TIE*,*ΙΣΟΠΑΛΙΑ*,"{""speaker"": ""n""}"
scenes/act3.md:888:dialogue:0,scenes/act3.md,888,dialogue,0,"Oh *come on*. After all that animal's done to you, you're just *giving up?*","Ω *έλα τώρα*. Μετά από όλα όσα σου έκανε το ζώο, απλά *τα παρατάς;*","{""speaker"": ""r""}"
scenes/act3.md:890:dialogue:0,scenes/act3.md,890,dialogue,0,"What's the matter, kid? Are you *scared?*","Τι έγινε, μικρέ; *Φοβάσαι;*","{""speaker"": ""r""}"
scenes/act3.md:897:dialogue:0,scenes/act3.md,897,dialogue,0,Yes.,Ναι.,"{""speaker"": ""h2""}"
scenes/act3.md:899:dialogue:0,scenes/act3.md,899,dialogue,0,I'm scared.,Φοβάμαι.,"{""speaker"": ""h2""}"
scenes/act3.md:903:dialogue:0,scenes/act3.md,903,dialogue,0,And that's okay!,Και αυτό είναι εντάξει!,"{""speaker"": ""h2""}"
scenes/act3.md:907:dialogue:0,scenes/act3.md,907,dialogue,0,It's okay to be scared.,Είναι εντάξει να φοβάσαι.,"{""speaker"": ""h2""}"
scenes/act3.md:976:dialogue:0,scenes/act3.md,976,dialogue,0,Did they just lock the door?,Μόλις κλείδωσαν την πόρτα;,"{""speaker"": ""r""}"
scenes/act3.md:1066:dialogue:0,scenes/act3.md,1066,dialogue,0,no...,όχι...,"{""speaker"": ""b""}"
scenes/act3.md:1085:dialogue:0,scenes/act3.md,1085,dialogue,0,no no no,όχι όχι όχι,"{""speaker"": ""b""}"
scenes/act3.md:1153:dialogue:0,scenes/act3.md,1153,dialogue,0,NO!,ΟΧΙ!,"{""speaker"": ""b""}"
scenes/act4.md:17:dialogue:0,scenes/act4.md,17,dialogue,0,(game auto-saved),(αυτόματη αποθήκευση παιχνιδιού),"{""speaker"": ""n3""}"
scenes/act4.md:211:dialogue:0,scenes/act4.md,211,dialogue,0,*sigh*,*αναστεναγμός*,"{""speaker"": ""h""}"
scenes/act4.md:218:dialogue:0,scenes/act4.md,218,dialogue,0,So what the ^hell^ was the moral of this story?,"Και λοιπόν, ποιο ^διάολο^ ήταν το ηθικό δίδαγμα αυτής της ιστορίας;","{""speaker"": ""h""}"
scenes/act4.md:222:dialogue:0,scenes/act4.md,222,dialogue,0,"What did we even *learn*? I *was* being stupid, my ""friends"" *were* using me, and we almost frickin' *died*.","Τι *μάθαμε* καλά κιολάς; *Ήμουν* βλάκας, οι «φίλοι» μου με *εκμεταλλεύονταν*, και σχεδόν γαμώ *πεθάναμε*.","{""speaker"": ""h""}"
scenes/act4.md:227:choice:0,scenes/act4.md,227,choice,0,"Yeah, not to mention the hospital bill.","Ναι, κι αυτό χωρίς τον λογαριασμό του νοσοκομείου.","{""anchor"": ""#act4a_bill""}"
scenes/act4.md:231:choice:0,scenes/act4.md,231,choice,0,"Yeah, not to mention the liver damage.","Ναι, κι αυτό χωρίς τη ζημιά στο συκώτι.","{""anchor"": ""#act4a_liver""}"
scenes/act4.md:234:choice:0,scenes/act4.md,234,choice,0,"Yeah, that *was* the worst-case scenario.","Ναι, αυτό *ήταν* το χειρότερο σενάριο.","{""anchor"": ""#act4a_worst""}"
scenes/act4.md:236:choice:0,scenes/act4.md,236,choice,0,"Yeah, I was right.","Ναι, είχα δίκιο.","{""anchor"": ""#act4a_right""}"
scenes/act4.md:242:dialogue:0,scenes/act4.md,242,dialogue,0,"Right. I don't think my insurance plan covers ""being a dumb^ass^"".",Σωστά. Δεν νομίζω ότι η ασφάλειά μου καλύπτει «να είσαι ^βλάκας^».,"{""speaker"": ""h""}"
scenes/act4.md:246:dialogue:0,scenes/act4.md,246,dialogue,0,And yet... we survived!,Κι όμως... επιβιώσαμε!,"{""speaker"": ""b""}"
scenes/act4.md:250:dialogue:0,scenes/act4.md,250,dialogue,0,?,?,"{""speaker"": ""h""}"
scenes/act4.md:258:dialogue:0,scenes/act4.md,258,dialogue,0,We definitely shaved a few years off our life expectancy...,Σίγουρα μειώσαμε την προσδόκια ζωής μας κατά μερικά χρόνια...,"{""speaker"": ""b""}"
scenes/act4.md:262:dialogue:0,scenes/act4.md,262,dialogue,0,But at least we still *have* a life expectancy! We survived!,Αλλά τουλάχιστον *έχουμε* ακόμα προσδόκια ζωής! Επιβιώσαμε!,"{""speaker"": ""b""}"
scenes/act4.md:269:dialogue:0,scenes/act4.md,269,dialogue,0,?,?,"{""speaker"": ""h""}"
scenes/act4.md:277:dialogue:0,scenes/act4.md,277,dialogue,0,And yet...,Κι όμως...,"{""speaker"": ""b""}"
scenes/act4.md:279:dialogue:0,scenes/act4.md,279,dialogue,0,Hm?,Χμ;,"{""speaker"": ""h""}"
scenes/act4.md:283:dialogue:0,scenes/act4.md,283,dialogue,0,We survived!,Επιβιώσαμε!,"{""speaker"": ""b""}"
scenes/act4.md:291:dialogue:0,scenes/act4.md,291,dialogue,0,"But... you were right, too.",Αλλά... κι εσύ είχες δίκιο.,"{""speaker"": ""b""}"
scenes/act4.md:295:dialogue:0,scenes/act4.md,295,dialogue,0,Hm?,Χμ;,"{""speaker"": ""h""}"
scenes/act4.md:299:dialogue:0,scenes/act4.md,299,dialogue,0,"I *was* the wolf who cried wolf. So when *actual* danger came, you – justifiably – didn't believe me.","Ήμουν ο λύκος που φώναζε «Λύκος!». Οπότε όταν ήρθε *πραγματικός* κίνδυνος, εσύ – δικαιολογημένα – δεν με *πίστεψες*.","{""speaker"": ""b""}"
scenes/act4.md:303:dialogue:0,scenes/act4.md,303,dialogue,0,"And yet, we survived!","Κι όμως, επιβιώσαμε!","{""speaker"": ""b""}"
scenes/act4.md:314:dialogue:0,scenes/act4.md,314,dialogue,0,"Despite everything, we're still here.","Παρ' όλα αυτά, είμαστε ακόμα εδώ.","{""speaker"": ""b""}"
scenes/act4.md:319:dialogue:0,scenes/act4.md,319,dialogue,0,You seem pretty calm considering we just had a near-death experience.,"Φαίνεσαι αρκετά ήρεμος/η, σκέφτομαι ότι μόλις είχαμε μια εμπειρία κοντά στον θάνατο.","{""speaker"": ""h""}"
scenes/act4.md:323:dialogue:0,scenes/act4.md,323,dialogue,0,You seem pretty calm considering we just had a *near*-near-death experience.,"Φαίνεσαι αρκετά ήρεμος/η, σκέφτομαι ότι μόλις είχαμε μια εμπειρία *κοντά* στον κοντά-θάνατο.","{""speaker"": ""h""}"
scenes/act4.md:331:dialogue:0,scenes/act4.md,331,dialogue,0,"Well, it makes everything else less scary in comparison. It's also got me thinking.","Λοιπόν, κάνει όλα τα άλλα λιγότερο τρομακτικά σε σύγκριση. Με έβαλε κιόλας να σκέφτομαι.","{""speaker"": ""b""}"
scenes/act4.md:335:dialogue:0,scenes/act4.md,335,dialogue,0,"If me fighting you sucks, because it doesn't protect you...","Αν το να σε πολεμώ είναι άχρηστο, γιατί δεν σε προστατεύει...","{""speaker"": ""b""}"
scenes/act4.md:337:dialogue:0,scenes/act4.md,337,dialogue,0,"But me fighting you *also* sucks, because it just makes you yell louder...","Αλλά το να σε πολεμώ *κιόλας* είναι άχρηστο, γιατί απλώς σε κάνει να φωνάζεις πιο δυνατά...","{""speaker"": ""h""}"
scenes/act4.md:341:dialogue:0,scenes/act4.md,341,dialogue,0,Then maybe...,Τότε ίσως...,"{""speaker"": ""b""}"
scenes/act4.md:345:dialogue:0,scenes/act4.md,345,dialogue,0,Maybe we don't have to fight.,Ίσως δεν χρειάζεται να πολεμάμε.,"{""speaker"": ""h""}"
scenes/act4.md:384:dialogue:0,scenes/act4.md,384,dialogue,0,I'm not a Big Bad Wolf. But I'm not a guard-wolf either.,Δεν είμαι ο Μεγάλος Κακός Λύκος. Αλλά ούτε φρουρός-λύκος είμαι.,"{""speaker"": ""b""}"
scenes/act4.md:388:dialogue:0,scenes/act4.md,388,dialogue,0,I'm a battered shelter dog.,Είμαι ένας κακοποιημένος σκύλος από καταφύγιο.,"{""speaker"": ""b""}"
scenes/act4.md:392:dialogue:0,scenes/act4.md,392,dialogue,0,We've been through rough stuff. Maybe trauma or neglect. That's why I sometimes over-react and go:,Περάσαμε δύσκολα πράγματα. Ίσως τραύμα ή παραμέληση. Γι' αυτό μερικές φορές υπερβάλλω και πάω:,"{""speaker"": ""b""}"
scenes/act4.md:403:dialogue:0,scenes/act4.md,403,dialogue,0,YAP YAP YAP YAP YAP,ΓΑΥ ΓΑΥ ΓΑΥ ΓΑΥ ΓΑΥ,"{""speaker"": ""b""}"
scenes/act4.md:413:dialogue:0,scenes/act4.md,413,dialogue,0,But I don't *want* to be a cowardly dog! I want to protect you! I want to be a good dog!,Αλλά δεν *θέλω* να είμαι δειλός σκύλος! Θέλω να σε προστατεύω! Θέλω να είμαι καλός σκύλος!,"{""speaker"": ""b""}"
scenes/act4.md:417:dialogue:0,scenes/act4.md,417,dialogue,0,Human... will you help tame this wolf?,Άνθρωπο... θα βοηθήσεις να εξημερώσουμε αυτόν τον λύκο;,"{""speaker"": ""b""}"
scenes/act4.md:421:dialogue:0,scenes/act4.md,421,dialogue,0,I... I'll try.,Ε... θα προσπαθήσω.,"{""speaker"": ""h""}"
scenes/act4.md:425:dialogue:0,scenes/act4.md,425,dialogue,0,"Okay. Healthy relationship with emotions. Relationships need communication. So, let's communicate.","Εντάξει. Υγιής σχέση με τα συναισθήματα. Οι σχέσεις χρειάζονται επικοινωνία. Λοιπόν, ας επικοινωνήσουμε.","{""speaker"": ""h""}"
scenes/act4.md:429:dialogue:0,scenes/act4.md,429,dialogue,0,"The next five minutes are going to sound super cheesy, but let's fake it 'til we make it.","Τα επόμενα πέντε λεπτά θα ακούγονται πολύ τυριά, αλλά ας το κάνουμε μέχρι να το πιστέψουμε.","{""speaker"": ""h""}"
scenes/act4.md:435:dialogue:0,scenes/act4.md,435,dialogue,0,Dear inner wolf... how are *you* feeling?,Αγαπητέ εσωτερικέ λύκε... πώς *νιώθεις*;,"{""speaker"": ""h""}"
scenes/act4.md:437:dialogue:0,scenes/act4.md,437,dialogue,0,TOTAL FEARS USED:,ΣΥΝΟΛΟ ΦΟΒΩΝ ΠΟΥ ΧΡΗΣΙΜΟΠΟΙΗΘΗΚΑΝ:,"{""speaker"": ""n2""}"
scenes/act4.md:439:dialogue:0,scenes/act4.md,439,dialogue,0,"*HARMED* {{_.attack_harm_total}}, *UNLOVED* {{_.attack_alone_total}}, *BAD PERSON* {{_.attack_bad_total}}","*ΒΛΑΒΗ* {{_.attack_harm_total}}, *ΜΗ ΑΓΑΠΗΜΕΝΟΥ* {{_.attack_alone_total}}, *ΚΑΚΟΣ* {{_.attack_bad_total}}","{""speaker"": ""n2""}"
scenes/act4.md:441:dialogue:0,scenes/act4.md,441,dialogue,0,WHAT FEAR DO YOU WANT TO TALK ABOUT FIRST? (YOU CAN DO THE OTHERS LATER),ΓΙΑ ΠΟΙΟΝ ΦΟΒΟ ΘΕΛΕΙΣ ΝΑ ΜΙΛΗΣΟΥΜΕ ΠΡΩΤΑ; (ΤΟΥΣ ΑΛΛΟΥΣ ΜΠΟΡΕΙΣ ΜΕΤΑ),"{""speaker"": ""n2""}"
scenes/act4.md:450:choice:0,scenes/act4.md,450,choice,0,I'm scared we'll be harmed.,Φοβάμαι ότι θα βλαφτούμε.,"{""anchor"": ""#act4_harm""}"
scenes/act4.md:452:choice:0,scenes/act4.md,452,choice,0,I'm scared we'll be alone.,Φοβάμαι ότι θα μείνουμε μόνοι.,"{""anchor"": ""#act4_alone""}"
scenes/act4.md:454:choice:0,scenes/act4.md,454,choice,0,I'm scared we're bad people.,Φοβάμαι ότι είμαστε κακοί άνθρωποι.,"{""anchor"": ""#act4_bad""}"
scenes/act4.md:465:dialogue:0,scenes/act4.md,465,dialogue,0,"I want to protect your need for physical safety,","Θέλω να προστατεύσω την ανάγκη σου για σωματική ασφάλεια,","{""speaker"": ""b""}"
scenes/act4.md:469:dialogue:0,scenes/act4.md,469,dialogue,0,But the *whole world* seems so dangerous. So full of tragedy and evil.,Αλλά ο *ολόκληρος κόσμος* φαίνεται τόσο επικίνδυνος. Γεμάτος τραγωδία και κακία.,"{""speaker"": ""b""}"
scenes/act4.md:474:dialogue:0,scenes/act4.md,474,dialogue,0,"I dunno, enough of *me* choosing what to say next. What do *you* say, human?","Δεν ξέρω, αρκετά με *εμένα* να διαλέγω τι θα πω μετά. Εσύ τι λες, *άνθρωπε*;","{""speaker"": ""b""}"
scenes/act4.md:478:dialogue:0,scenes/act4.md,478,dialogue,0,"Again, back to you, human. What do you think?","Πάλι, η σειρά σου, άνθρωπε. Τι πιστεύεις;","{""speaker"": ""b""}"
scenes/act4.md:482:dialogue:0,scenes/act4.md,482,dialogue,0,"More thoughts, human?","Άλλες σκέψεις, άνθρωπε;","{""speaker"": ""b""}"
scenes/act4.md:487:choice:0,scenes/act4.md,487,choice,0,You're right. So let's protect ourselves.,Έχεις δίκιο. Ας προστατευτούμε.,"{""anchor"": ""#act4_harm_skills""}"
scenes/act4.md:489:choice:0,scenes/act4.md,489,choice,0,Let's expose ourselves to *more* danger.,Ας εκθέσουμε τον εαυτό μας σε *περισσότερο* κίνδυνο.,"{""anchor"": ""#act4_harm_exposure""}"
scenes/act4.md:491:choice:0,scenes/act4.md,491,choice,0,Thank you.,Ευχαριστώ.,"{""anchor"": ""#act4_thanks""}"
scenes/act4.md:497:dialogue:0,scenes/act4.md,497,dialogue,0,"But... how? I have fangs and claws, but I'm just a metaphor.","Αλλά... πώς; Έχω κυνόδοντες και νύχια, αλλά είμαι απλώς μεταφορά.","{""speaker"": ""b""}"
scenes/act4.md:504:dialogue:0,scenes/act4.md,504,dialogue,0,We could learn self-defense? Join a community that protects each other? Improve our general health & personal boundaries?,Μπορούμε να μάθουμε αυτοάμυνα; Να μπούμε σε κοινότητα που προστατεύει ο ένας τον άλλον; Να βελτιώσουμε την υγεία μας και τα προσωπικά μας όρια;,"{""speaker"": ""h""}"
scenes/act4.md:511:dialogue:0,scenes/act4.md,511,dialogue,0,"Maybe, but...","Ίσως, αλλά...","{""speaker"": ""b""}"
scenes/act4.md:513:choice:0,scenes/act4.md,513,choice,0,Where do we even start?,Από πού ξεκινάμε καλά κιολάς;,"{""anchor"": ""#act4_harm_skills_start""}"
scenes/act4.md:515:choice:0,scenes/act4.md,515,choice,0,What if they still don't work?,Κι αν δεν δουλέψουν;,"{""anchor"": ""#act4_harm_skills_work""}"
scenes/act4.md:517:choice:0,scenes/act4.md,517,choice,0,"What if we go overboard on ""safety""?",Κι αν το παρακάνουμε με την «ασφάλεια»;,"{""anchor"": ""#act4_harm_skills_overboard""}"
scenes/act4.md:523:dialogue:0,scenes/act4.md,523,dialogue,0,"There's so much to do, so much we need to fix about ourselves. What do we even *begin* with?","Υπάρχει τόσα πολλά να κάνουμε, τόσα που πρέπει να διορθώσουμε στον εαυτό μας. Με τι *αρχίζουμε* καλά κιολάς;","{""speaker"": ""b""}"
scenes/act4.md:527:dialogue:0,scenes/act4.md,527,dialogue,0,We're beginning right now.,Αρχίζουμε τώρα.,"{""speaker"": ""h""}"
scenes/act4.md:531:dialogue:0,scenes/act4.md,531,dialogue,0,Eh?,Ε;,"{""speaker"": ""b""}"
scenes/act4.md:538:dialogue:0,scenes/act4.md,538,dialogue,0,"We're practicing good communication right now. Which will help us detect danger better, with fewer false positives,","Εξασκούμε καλή επικοινωνία αυτή τη στιγμή. Αυτό θα μας βοηθήσει να εντοπίζουμε καλύτερα τον κίνδυνο, με λιγότερα ψευδή θετικά,","{""speaker"": ""h""}"
scenes/act4.md:542:dialogue:0,scenes/act4.md,542,dialogue,0,And *that* will help protect us from harm!,Και *αυτό* θα μας βοηθήσει να προστατευτούμε από βλάβη!,"{""speaker"": ""h""}"
scenes/act4.md:546:dialogue:0,scenes/act4.md,546,dialogue,0,Therefore: this *is* self-defense training.,Άρα: αυτό *είναι* εκπαίδευση αυτοάμυνας.,"{""speaker"": ""h""}"
scenes/act4.md:550:dialogue:0,scenes/act4.md,550,dialogue,0,Huh. I was expecting more of this:,Χμ. Περίμενα κάτι πιο τέτοιο:,"{""speaker"": ""b""}"
scenes/act4.md:570:dialogue:0,scenes/act4.md,570,dialogue,0,"True, there's no way to 100% protect ourselves...","Σωστά, δεν υπάρχει τρόπος να προστατευτούμε 100%...","{""speaker"": ""h""}"
scenes/act4.md:574:dialogue:0,scenes/act4.md,574,dialogue,0,"But even a 1% improvement is still worth something, right?","Αλλά ακόμα κι ένα 1% βελτίωση αξίζει κάτι, έτσι δεν είναι;","{""speaker"": ""h""}"
scenes/act4.md:581:dialogue:0,scenes/act4.md,581,dialogue,0,"You're seeing the glass as not 99% empty, but 1% full?","Βλέπεις το ποτήρι όχι 99% άδειο, αλλά 1% γεμάτο;","{""speaker"": ""b""}"
scenes/act4.md:585:dialogue:0,scenes/act4.md,585,dialogue,0,Which is still worth something if you're stranded in the desert.,Που ακόμα κι αυτό αξίζει κάτι αν έχεις αποκλειστεί στην έρημο.,"{""speaker"": ""h""}"
scenes/act4.md:589:dialogue:0,scenes/act4.md,589,dialogue,0,"Well. Bottoms up, then.","Λοιπόν. Στην υγειά μας, τότε.","{""speaker"": ""b""}"
scenes/act4.md:597:dialogue:0,scenes/act4.md,597,dialogue,0,"I mean, the whole reason you ignored my warnings was because *I* went overboard with safety! ","Εννοώ, ο λόγος που αγνόησες τις προειδοποιήσεις μου ήταν ότι *εγώ* το παρέκανε με την ασφάλεια! ","{""speaker"": ""b""}"
scenes/act4.md:601:dialogue:0,scenes/act4.md,601,dialogue,0,"Naw, you're right. We would want to do safety in moderation. Everything in moderation.","Όχι, έχεις δίκιο. Θα θέλαμε ασφάλεια με μέτρο. Όλα με μέτρο.","{""speaker"": ""h""}"
scenes/act4.md:605:dialogue:0,scenes/act4.md,605,dialogue,0,"Sorry, *EVERYTHING* in moderation?","Συγγνώμη, *ΟΛΑ* με μέτρο;","{""speaker"": ""b""}"
scenes/act4.md:609:dialogue:0,scenes/act4.md,609,dialogue,0,*A moderate number of things* in moderation.,*Ένας μέτριος αριθμός πραγμάτων* με μέτρο.,"{""speaker"": ""h""}"
scenes/act4.md:616:dialogue:0,scenes/act4.md,616,dialogue,0,Thank you for making your statements recursively self-consistent.,Ευχαριστώ που έκανες τις δηλώσεις σου αναδρομικά αυτοσυνεπείς.,"{""speaker"": ""b""}"
scenes/act4.md:625:dialogue:0,scenes/act4.md,625,dialogue,0,*WHAT*,*ΤΙ*,"{""speaker"": ""b""}"
scenes/act4.md:632:dialogue:0,scenes/act4.md,632,dialogue,0,"I mean, let's say a dog is scared of thunder.","Εννοώ, ας πούμε ότι ένας σκύλος φοβάται την καταιγίδα.","{""speaker"": ""h""}"
scenes/act4.md:636:dialogue:0,scenes/act4.md,636,dialogue,0,"One trick trainers use is to play a recording of thunder at a low volume, then give the dog a treat for staying calm.","Ένα κόλπο που χρησιμοποιούν οι εκπαιδευτές είναι να παίζουν ηχογράφηση βροντής σε χαμηλή ένταση, και μετά να δίνουν λιχουδιά στον σκύλο αν μείνει ήρεμος.","{""speaker"": ""h""}"
scenes/act4.md:640:dialogue:0,scenes/act4.md,640,dialogue,0,"Over several days, the trainer raises the volume bit by bit, until the dog has overcome their fear of thunder.","Σε μερικές μέρες, ο εκπαιδευτής ανεβάζει την ένταση λίγο-λίγο, μέχρι ο σκύλος να ξεπεράσει τον φόβο του για την καταιγίδα.","{""speaker"": ""h""}"
scenes/act4.md:647:dialogue:0,scenes/act4.md,647,dialogue,0,It's called exposure therapy!,Λέγεται θεραπεία έκθεσης!,"{""speaker"": ""h""}"
scenes/act4.md:651:dialogue:0,scenes/act4.md,651,dialogue,0,"Since you're a dog, it should work for you too, right? All mammals have the same fight-or-flight response.","Εφόσον είσαι σκύλος, θα δούλευε κι εσένα, έτσι; Όλα τα θηλαστικά έχουν την ίδια αντίδραση πάλης-ή-φυγής.","{""speaker"": ""h""}"
scenes/act4.md:655:choice:0,scenes/act4.md,655,choice,0,What if we desensitize *too* much?,Κι αν αποευαισθητοποιηθούμε *πάρα* πολύ;,"{""anchor"": ""#act4_harm_exposure_overboard""}"
scenes/act4.md:657:choice:0,scenes/act4.md,657,choice,0,What if we're exposed to *real* danger?,Κι αν εκτεθούμε σε *πραγματικό* κίνδυνο;,"{""anchor"": ""#act4_harm_exposure_hurt""}"
scenes/act4.md:659:choice:0,scenes/act4.md,659,choice,0,"I'm a wolf, not a dog.","Είμαι λύκος, όχι σκύλος.","{""anchor"": ""#act4_harm_exposure_dog""}"
scenes/act4.md:663:dialogue:0,scenes/act4.md,663,dialogue,0,And I'll show you kindness and patience 'til you're domesticated into a cute lil' puppy.,Κι εγώ θα σου δείξω καλοσύνη και υπομονή μέχρι να εξημερωθείς σε χαριτωμένο μικρουδάκι.,"{""speaker"": ""h""}"
scenes/act4.md:667:dialogue:0,scenes/act4.md,667,dialogue,0,...,...,"{""speaker"": ""b""}"
scenes/act4.md:671:dialogue:0,scenes/act4.md,671,dialogue,0,D'aw.,Ωχ.,"{""speaker"": ""b""}"
scenes/act4.md:679:dialogue:0,scenes/act4.md,679,dialogue,0,We *just* saw what happens if you shut down your fear – you put yourself in *actually* dangerous situations.,Μόλις *είδαμε* τι γίνεται αν κλείνεις τον φόβο σου – μπαίνεις σε *πραγματικά* επικίνδυνες καταστάσεις.,"{""speaker"": ""b""}"
scenes/act4.md:683:dialogue:0,scenes/act4.md,683,dialogue,0,"Besides, won't *too* much desensitization turn us into psychopaths?","Εξάλλου, δεν θα μας κάνει *υπερβολική* αποευαισθητοποίηση ψυχοπαθείς;","{""speaker"": ""b""}"
scenes/act4.md:687:dialogue:0,scenes/act4.md,687,dialogue,0,Soon we'll give ourselves treats while watching snuff murder porn!,Σύντομα θα μας δίνουμε λιχουδιές ενώ βλέπουμε snuff murder porn!,"{""speaker"": ""b""}"
scenes/act4.md:691:dialogue:0,scenes/act4.md,691,dialogue,0,I... think there's a line between that and the thunder.,Ε... νομίζω υπάρχει μια γραμμή ανάμεσα σε αυτό και την καταιγίδα.,"{""speaker"": ""h""}"
scenes/act4.md:695:dialogue:0,scenes/act4.md,695,dialogue,0,"But exactly *where*, human? *Where?!*","Αλλά ακριβώς *πού*, άνθρωπε; *Πού;!*","{""speaker"": ""b""}"
scenes/act4.md:699:dialogue:0,scenes/act4.md,699,dialogue,0,I don't know. But *you* can help me!,Δεν ξέρω. Αλλά *εσύ* μπορείς να με βοηθήσεις!,"{""speaker"": ""h""}"
scenes/act4.md:703:dialogue:0,scenes/act4.md,703,dialogue,0,"Working and negotiating with you, we'll draw that line.","Δουλεύοντας και διαπραγματευόμενοι μαζί σου, θα σχεδιάσουμε αυτή τη γραμμή.","{""speaker"": ""h""}"
scenes/act4.md:707:dialogue:0,scenes/act4.md,707,dialogue,0,"Okay. But I've got no opposable thumbs, so you have to do the drawing.","Εντάξει. Αλλά δεν έχω αντίθετους αντίχειρες, οπότε εσύ πρέπει να κάνεις το σχέδιο.","{""speaker"": ""b""}"
scenes/act4.md:716:dialogue:0,scenes/act4.md,716,dialogue,0,For example: we jumped off a freaking *roof!*,Για παράδειγμα: πηδήξαμε από μια γαμημένη *σκεπή!*,"{""speaker"": ""b""}"
scenes/act4.md:720:dialogue:0,scenes/act4.md,720,dialogue,0,For example: we almost jumped off a freaking *roof!*,Για παράδειγμα: σχεδόν πηδήξαμε από μια γαμημένη *σκεπή!*,"{""speaker"": ""b""}"
scenes/act4.md:728:dialogue:0,scenes/act4.md,728,dialogue,0,Nah you're right. One *can* go too far.,"Όχι, έχεις δίκιο. Μπορεί κανείς να το *παρακάνει*.","{""speaker"": ""h""}"
scenes/act4.md:732:dialogue:0,scenes/act4.md,732,dialogue,0,"But that's why, if we do exposure therapy, we'll start small, and make small steps upward.","Αλλά γι' αυτό, αν κάνουμε θεραπεία έκθεσης, θα ξεκινήσουμε μικρά και θα ανεβαίνουμε σιγά-σιγά.","{""speaker"": ""h""}"
scenes/act4.md:734:dialogue:0,scenes/act4.md,734,dialogue,0,"Just before we hit *actual* danger, we stop.","Λίγο πριν φτάσουμε σε *πραγματικό* κίνδυνο, σταματάμε.","{""speaker"": ""h""}"
scenes/act4.md:738:dialogue:0,scenes/act4.md,738,dialogue,0,"Yeah I draw the line between hearing loud thunder, and standing in a storm with a tall pointy hat.","Ναι, εγώ βάζω τη γραμμή ανάμεσα στο να ακούς δυνατή βροντή και στο να στέκεις σε καταιγίδα με ψηλό μυτερό καπέλο.","{""speaker"": ""b""}"
scenes/act4.md:762:dialogue:0,scenes/act4.md,762,dialogue,0,...,...,"{""speaker"": ""b""}"
scenes/act4.md:766:dialogue:0,scenes/act4.md,766,dialogue,0,"Wait, no arguments for or against what I'm feeling? Just... ""thank you""?","Περίμενε, κανένα επιχείρημα υπέρ ή κατά αυτού που νιώθω; Απλώς... «ευχαριστώ»;","{""speaker"": ""b""}"
scenes/act4.md:770:dialogue:0,scenes/act4.md,770,dialogue,0,Yeah! Thank you for showing your concern for my {{_.thanks_for}}.,Ναι! Ευχαριστώ που έδειξες ότι σε νοιάζει η {{_.thanks_for}} μου.,"{""speaker"": ""h""}"
scenes/act4.md:777:dialogue:0,scenes/act4.md,777,dialogue,0,...,...,"{""speaker"": ""b""}"
scenes/act4.md:779:dialogue:0,scenes/act4.md,779,dialogue,0,You okay?,Είσαι εντάξει;,"{""speaker"": ""h""}"
scenes/act4.md:783:dialogue:0,scenes/act4.md,783,dialogue,0,You've never said *thank you* to me before.,Δεν μου είχες πει ποτέ *ευχαριστώ* πριν.,"{""speaker"": ""b""}"
scenes/act4.md:787:dialogue:0,scenes/act4.md,787,dialogue,0,Aw you big fuzzy-wuzzy panic-wolf.,Ω ρε μεγάλο μαλλιασμένο πανικολύκο.,"{""speaker"": ""h""}"
scenes/act4.md:793:dialogue:0,scenes/act4.md,793,dialogue,0,"Even if you over-react, I appreciate you looking out for my {{_.thanks_for}}.","Ακόμα κι αν υπερβάλλεις, εκτιμώ που φροντίζεις για την {{_.thanks_for}} μου.","{""speaker"": ""h""}"
scenes/act4.md:797:dialogue:0,scenes/act4.md,797,dialogue,0,"Wait... you're not just repeating ""thank you"" to avoid actually talking about these fears, are you?","Περίμενε... δεν επαναλαμβάνεις απλώς «ευχαριστώ» για να αποφύγεις να μιλήσουμε για αυτούς τους φόβους, έτσι;","{""speaker"": ""b""}"
scenes/act4.md:804:dialogue:0,scenes/act4.md,804,dialogue,0,"Well, stuff's complicated, and I don't always have answers ready.","Λοιπόν, τα πράγματα είναι περίπλοκα και δεν έχω πάντα έτοιμες απαντήσεις.","{""speaker"": ""h""}"
scenes/act4.md:808:dialogue:0,scenes/act4.md,808,dialogue,0,It's not like life gives you a list of 3 pre-made dialogue responses.,Δεν είναι σαν η ζωή να σου δίνει λίστα με 3 έτοιμες απαντήσεις διαλόγου.,"{""speaker"": ""h""}"
scenes/act4.md:812:dialogue:0,scenes/act4.md,812,dialogue,0,"But for now, I can at least say thanks.","Αλλά προς το παρόν, μπορώ τουλάχιστον να πω ευχαριστώ.","{""speaker"": ""h""}"
scenes/act4.md:814:dialogue:0,scenes/act4.md,814,dialogue,0,"Well, thank you too, for listening to me patiently.","Λοιπόν, κι εγώ ευχαριστώ που με άκουσες υπομονετικά.","{""speaker"": ""b""}"
scenes/act4.md:818:dialogue:0,scenes/act4.md,818,dialogue,0,You small hairless flesh-mammal.,"Εσύ, μικρό γυμνό σαρκοθηλαστικό.","{""speaker"": ""b""}"
scenes/act4.md:824:dialogue:0,scenes/act4.md,824,dialogue,0,"Even if your yapping scares me, you're simply trying to protect my {{_.thanks_for}}.","Ακόμα κι αν το γαύγισμά σου με τρομάζει, απλώς προσπαθείς να προστατεύσεις την {{_.thanks_for}} μου.","{""speaker"": ""h""}"
scenes/act4.md:828:dialogue:0,scenes/act4.md,828,dialogue,0,"Okay, if you keep flattering me like this, the internet's gonna get some weird ideas about us.","Εντάξει, αν συνεχίσεις να με κολακεύεις έτσι, το ίντερνετ θα βγάλει περίεργες ιδέες για μας.","{""speaker"": ""b""}"
scenes/act4.md:835:dialogue:0,scenes/act4.md,835,dialogue,0,"C'mon, I'm just a vulnerable college-age kid and you're a big, scary wolf. What's the worst that cou--","Έλα, είμαι απλώς ένα ευάλωτο παιδί κολεγίου κι εσύ είσαι ένας μεγάλος, τρομακτικός λύκος. Τι χειρότερο μπορεί ν--","{""speaker"": ""h""}"
scenes/act4.md:839:dialogue:0,scenes/act4.md,839,dialogue,0,"Actually, do not answer that.","Μάλλον, μην απαντήσεις.","{""speaker"": ""h""}"
scenes/act4.md:855:dialogue:0,scenes/act4.md,855,dialogue,0,"I want to make sure you fulfil that deep, human need to belong...","Θέλω να βεβαιωθώ ότι ικανοποιείς εκείνη τη βαθιά, ανθρώπινη ανάγκη να ανήκεις κάπου...","{""speaker"": ""b""}"
scenes/act4.md:859:dialogue:0,scenes/act4.md,859,dialogue,0,But I worry that if anyone ever knew us – the *real* us – we'd scare them all away.,Αλλά φοβάμαι ότι αν κάποιος μάθαινε ποτέ τον *πραγματικό* μας εαυτό – θα μας τρόμαζαν όλοι.,"{""speaker"": ""b""}"
scenes/act4.md:864:dialogue:0,scenes/act4.md,864,dialogue,0,"I dunno, enough of *me* choosing what to say next. What do *you* say, human?","Δεν ξέρω, αρκετά με *εμένα* να διαλέγω τι θα πω μετά. Εσύ τι λες, *άνθρωπε*;","{""speaker"": ""b""}"
scenes/act4.md:868:dialogue:0,scenes/act4.md,868,dialogue,0,"Again, back to you, human. What do you think?","Πάλι, η σειρά σου, άνθρωπε. Τι πιστεύεις;","{""speaker"": ""b""}"
scenes/act4.md:872:dialogue:0,scenes/act4.md,872,dialogue,0,"More thoughts, human?","Άλλες σκέψεις, άνθρωπε;","{""speaker"": ""b""}"
scenes/act4.md:877:choice:0,scenes/act4.md,877,choice,0,I agree: let's work on our social life.,Συμφωνώ: ας δουλέψουμε την κοινωνική μας ζωή.,"{""anchor"": ""#act4_alone_skills""}"
scenes/act4.md:879:choice:0,scenes/act4.md,879,choice,0,I think people like us. Let's find out?,Νομίζω μας συμπαθούν. Ας το μάθουμε;,"{""anchor"": ""#act4_alone_experiment""}"
scenes/act4.md:881:choice:0,scenes/act4.md,881,choice,0,Thank you.,Ευχαριστώ.,"{""anchor"": ""#act4_thanks""}"
scenes/act4.md:890:dialogue:0,scenes/act4.md,890,dialogue,0,"We could practice skills like asking questions, listening and empathizing, being open and vulnerable, etc?","Μπορούμε να εξασκηθούμε σε δεξιότητες όπως να κάνουμε ερωτήσεις, να ακούμε και να ενσυπαθούμε, να είμαστε ανοιχτοί και ευάλωτοι, κ.λπ.;","{""speaker"": ""h""}"
scenes/act4.md:894:dialogue:0,scenes/act4.md,894,dialogue,0,"Or make better social habits, like scheduling time with friends or regularly going to meetups?","Ή να φτιάξουμε καλύτερες κοινωνικές συνήθειες, όπως να προγραμματίζουμε χρόνο με φίλους ή να πηγαίνουμε τακτικά σε meetups;","{""speaker"": ""h""}"
scenes/act4.md:898:dialogue:0,scenes/act4.md,898,dialogue,0,Could also learn to get more comfortable with rejection.,Μπορούμε επίσης να μάθουμε να νιώθουμε πιο άνετα με την απόρριψη.,"{""speaker"": ""h""}"
scenes/act4.md:902:dialogue:0,scenes/act4.md,902,dialogue,0,"Or learn to know when people *aren't* rejecting us, they're just tired or have Resting ^Bitch^ Face.","Ή να μάθουμε πότε οι άνθρωποι *δεν* μας απορρίπτουν, απλώς είναι κουρασμένοι ή έχουν Resting ^Bitch^ Face.","{""speaker"": ""h""}"
scenes/act4.md:909:dialogue:0,scenes/act4.md,909,dialogue,0,"That's a lot of options. But, about ""learning social skills""...","Αυτό είναι πολλές επιλογές. Αλλά, για το «μάθημα κοινωνικών δεξιοτήτων»...","{""speaker"": ""b""}"
scenes/act4.md:911:choice:0,scenes/act4.md,911,choice,0,Isn't that *manipulative?*,Δεν είναι αυτό *χειραγώγηση*;,"{""anchor"": ""#act4_alone_skills_manipulative""}"
scenes/act4.md:913:choice:0,scenes/act4.md,913,choice,0,Won't that make us *easier to manipulate?*,Δεν θα μας κάνει *πιο εύκολους στη χειραγώγηση*;,"{""anchor"": ""#act4_alone_skills_manipulated""}"
scenes/act4.md:915:choice:0,scenes/act4.md,915,choice,0,What if we still fail?,Κι αν αποτύχουμε;,"{""anchor"": ""#act4_alone_skills_fail""}"
scenes/act4.md:921:dialogue:0,scenes/act4.md,921,dialogue,0,"Aren't serial killers who can read their victims' emotions great at ""empathy""?",Δεν είναι οι σειριακοί δολοφόνοι που διαβάζουν τα συναισθήματα των θυμάτων τους τέλειοι στην «ενσυπάθεια»;,"{""speaker"": ""b""}"
scenes/act4.md:925:dialogue:0,scenes/act4.md,925,dialogue,0,Didn't Charles Manson win friends and influence people?,Δεν κέρδισε ο Charles Manson φίλους και επιρροή;,"{""speaker"": ""b""}"
scenes/act4.md:929:dialogue:0,scenes/act4.md,929,dialogue,0,"No, you're right.","Όχι, έχεις δίκιο.","{""speaker"": ""h""}"
scenes/act4.md:931:dialogue:0,scenes/act4.md,931,dialogue,0,"""Social skills"" mean nothing if we don't genuinely care *for* people.",Οι «κοινωνικές δεξιότητες» δεν σημαίνουν τίποτα αν δεν νοιαζόμαστε *για* τους ανθρώπους.,"{""speaker"": ""h""}"
scenes/act4.md:935:dialogue:0,scenes/act4.md,935,dialogue,0,"Basically, just don't be a ^dick^.","Βασικά, απλώς μην είσαι ^μαλάκας^.","{""speaker"": ""h""}"
scenes/act4.md:939:dialogue:0,scenes/act4.md,939,dialogue,0,That's a motivational poster caption right there.,Αυτό είναι λεζάντα για αφίσα κινήτρου.,"{""speaker"": ""b""}"
scenes/act4.md:943:dialogue:0,scenes/act4.md,943,dialogue,0,“Don't Be A ^Dick^™”,«Μην Είσαι ^Μαλάκας^™»,"{""speaker"": ""h""}"
scenes/act4.md:951:dialogue:0,scenes/act4.md,951,dialogue,0,"We'll become a Welcome doormat, saying Please and Thank You as people wipe their feet on us!",Θα γίνουμε χαλάκι εισόδου που λέει Please and Thank You ενώ μας σκουπίζουν τα πόδια!,"{""speaker"": ""b""}"
scenes/act4.md:955:dialogue:0,scenes/act4.md,955,dialogue,0,"We'll kiss so much butt, it'll look like we're wearing brown lipstick!",Θα φιλάμε τόσο πολύ κώλο που θα μοιάζουμε ότι φοράμε καφέ κραγιόν!,"{""speaker"": ""b""}"
scenes/act4.md:962:dialogue:0,scenes/act4.md,962,dialogue,0,"Nah, you're right. ""Social skills"" can't be just about pleasing others, it's also got to be about setting *boundaries.*","Όχι, έχεις δίκιο. Οι «κοινωνικές δεξιότητες» δεν μπορούν να είναι μόνο για να ευχαριστείς τους άλλους, πρέπει να είναι και για να βάζεις *όρια.*","{""speaker"": ""h""}"
scenes/act4.md:966:dialogue:0,scenes/act4.md,966,dialogue,0,"We can't invite others into our home, if we have no walls to hold up our home.","Δεν μπορούμε να καλέσουμε άλλους στο σπίτι μας, αν δεν έχουμε τοίχους να κρατήσουν το σπίτι μας.","{""speaker"": ""h""}"
scenes/act4.md:973:dialogue:0,scenes/act4.md,973,dialogue,0,Also... re: that lipstick mental image... *ew??*,Επίσης... για εκείνη την εικόνα με το κραγιόν... *εεε??*,"{""speaker"": ""h""}"
scenes/act4.md:981:dialogue:0,scenes/act4.md,981,dialogue,0,"We might fail. Actually, we *will* fail.","Μπορεί να αποτύχουμε. Μάλιστα, *θα* αποτύχουμε.","{""speaker"": ""h""}"
scenes/act4.md:988:dialogue:0,scenes/act4.md,988,dialogue,0,And that's fine! Failing is how anyone learns anything new at first!,Και αυτό είναι εντάξει! Η αποτυχία είναι πώς μαθαίνει κανείς οτιδήποτε νέο στην αρχή!,"{""speaker"": ""h""}"
scenes/act4.md:992:dialogue:0,scenes/act4.md,992,dialogue,0,"So let's fail forward together, yeah?","Λοιπόν ας αποτύχουμε μαζί και να προχωράμε, ε;","{""speaker"": ""h""}"
scenes/act4.md:996:dialogue:0,scenes/act4.md,996,dialogue,0,"Sure, I guess... worst-case scenario, we can just skip town and get a new identity.","Εντάξει, νομίζω... χειρότερη περίπτωση, απλώς φεύγουμε πόλη και παίρνουμε νέα ταυτότητα.","{""speaker"": ""b""}"
scenes/act4.md:1000:dialogue:0,scenes/act4.md,1000,dialogue,0,Yeah I think that only costs two bitcoins these days.,"Ναι, νομίζω αυτό κοστίζει μόνο δύο bitcoin αυτές τις μέρες.","{""speaker"": ""h""}"
scenes/act4.md:1011:dialogue:0,scenes/act4.md,1011,dialogue,0,We could try some experiments!,Μπορούμε να δοκιμάσουμε μερικά πειράματα!,"{""speaker"": ""h""}"
scenes/act4.md:1015:dialogue:0,scenes/act4.md,1015,dialogue,0,"We could ping a friend to hang out, reconnect with an old pal, or even just chat with a barista.","Μπορούμε να στείλουμε μήνυμα σε φίλο να βγούμε, να ξανασυνδεθούμε με παλιό φίλο, ή ακόμα κι απλώς να κουβεντιάσουμε με έναν barista.","{""speaker"": ""h""}"
scenes/act4.md:1019:dialogue:0,scenes/act4.md,1019,dialogue,0,I think we may find we're more likeable than we suspect.,"Νομίζω μπορεί να ανακαλύψουμε ότι είμαστε πιο συμπαθητικοί απ' ό,τι υποψιαζόμαστε.","{""speaker"": ""h""}"
scenes/act4.md:1023:choice:0,scenes/act4.md,1023,choice,0,"What if these are small, cheap ""wins""?","Κι αν αυτά είναι μικρές, φτηνές «νίκες»;","{""anchor"": ""#act4_alone_experiment_cheap""}"
scenes/act4.md:1025:choice:0,scenes/act4.md,1025,choice,0,What if this is a burden to others?,Κι αν είμαστε βάρος για τους άλλους;,"{""anchor"": ""#act4_alone_experiment_burden""}"
scenes/act4.md:1027:choice:0,scenes/act4.md,1027,choice,0,But small talk isn't the *real* us!,Αλλά τα κουβένια δεν είναι ο *πραγματικός* μας εαυτός!,"{""anchor"": ""#act4_alone_experiment_real_us""}"
scenes/act4.md:1033:dialogue:0,scenes/act4.md,1033,dialogue,0,"If we put on a shallow smile, we'll never really connect with anyone,","Αν βάλουμε ρηχό χαμόγελο, δεν θα συνδεθούμε ποτέ πραγματικά με κανέναν,","{""speaker"": ""b""}"
scenes/act4.md:1037:dialogue:0,scenes/act4.md,1037,dialogue,0,"*But* if we open up, other people will see all our messed-up insides!","*Αλλά* αν ανοίξουμε, οι άλλοι θα δουν όλα τα χαλασμένα εσωτερικά μας!","{""speaker"": ""b""}"
scenes/act4.md:1041:dialogue:0,scenes/act4.md,1041,dialogue,0,...,...,"{""speaker"": ""h""}"
scenes/act4.md:1048:dialogue:0,scenes/act4.md,1048,dialogue,0,Roll over.,Γύρνα.,"{""speaker"": ""h""}"
scenes/act4.md:1050:dialogue:0,scenes/act4.md,1050,dialogue,0,What.,Τι.,"{""speaker"": ""b""}"
scenes/act4.md:1054:dialogue:0,scenes/act4.md,1054,dialogue,0,"When dogs want to show love and trust, they make themselves vulnerable by exposing their belly.","Όταν οι σκύλοι θέλουν να δείξουν αγάπη και εμπιστοσύνη, κάνουν τον εαυτό τους ευάλωτο εκθέτοντας την κοιλιά τους.","{""speaker"": ""h""}"
scenes/act4.md:1058:dialogue:0,scenes/act4.md,1058,dialogue,0,"Maybe we're not *yet* secure enough to be too vulnerable, but with enough training,","Ίσως δεν είμαστε *ακόμα* αρκετά ασφαλείς για να είμαστε πολύ ευάλωτοι, αλλά με αρκετή εξάσκηση,","{""speaker"": ""h""}"
scenes/act4.md:1062:dialogue:0,scenes/act4.md,1062,dialogue,0,"One day we can show people the real us – all messed-up, all human.","Μια μέρα μπορούμε να δείξουμε στους ανθρώπους τον πραγματικό μας εαυτό – όλο χαλασμένο, όλο ανθρώπινο.","{""speaker"": ""h""}"
scenes/act4.md:1069:dialogue:0,scenes/act4.md,1069,dialogue,0,I'll roll over if you give me a treat.,Θα γυρίσω αν μου δώσεις λιχουδιά.,"{""speaker"": ""b""}"
scenes/act4.md:1073:dialogue:0,scenes/act4.md,1073,dialogue,0,No.,Όχι.,"{""speaker"": ""h""}"
scenes/act4.md:1080:dialogue:0,scenes/act4.md,1080,dialogue,0,"Saying ""hi"" to the barista isn't exactly gold-medal performance in the Social Butterfly Olympics.",Το να πεις «γεια» στον barista δεν είναι ακριβώς χρυσό μετάλλιο στους Ολυμπιακούς Κοινωνικών Πεταλούδων.,"{""speaker"": ""b""}"
scenes/act4.md:1087:dialogue:0,scenes/act4.md,1087,dialogue,0,It is for *us!*,Για *εμάς* είναι!,"{""speaker"": ""h""}"
scenes/act4.md:1091:dialogue:0,scenes/act4.md,1091,dialogue,0,"In the social arena, we're not even featherweight class, we're like... quark-weight.","Στην κοινωνική αρένα, δεν είμαστε καν featherweight, είμασαι σαν... quark-weight.","{""speaker"": ""h""}"
scenes/act4.md:1095:dialogue:0,scenes/act4.md,1095,dialogue,0,"If we have to start with small, cheap wins, so be it. Gotta climb the 1st step before the 1000th step.","Αν πρέπει να ξεκινήσουμε με μικρές, φτηνές νίκες, έτσι να 'ναι. Πρέπει να ανέβεις το 1ο σκαλί πριν το 1000ο.","{""speaker"": ""h""}"
scenes/act4.md:1097:dialogue:0,scenes/act4.md,1097,dialogue,0,"Yeah! Maybe after saying ""Hi"", we can advance to saying...","Ναι! Ίσως αφού πούμε «Γεια», να προχωρήσουμε στο...","{""speaker"": ""b""}"
scenes/act4.md:1101:dialogue:0,scenes/act4.md,1101,dialogue,0,"*""How are you?""*",*«Τι κάνεις;»*,"{""speaker"": ""b""}"
scenes/act4.md:1105:dialogue:0,scenes/act4.md,1105,dialogue,0,"*""Not much!""*",*«Όχι πολλά!»*,"{""speaker"": ""h""}"
scenes/act4.md:1113:dialogue:0,scenes/act4.md,1113,dialogue,0,"Maybe the barista just wants to make some dang coffee, not be an *experiment* to see if our social skills suck.","Ίσως ο barista απλώς θέλει να φτιάξει τον καταραμένο καφέ του, όχι να είναι *πείραμα* για το αν οι κοινωνικές μας δεξιότητες αποτυγχάνουν.","{""speaker"": ""b""}"
scenes/act4.md:1117:dialogue:0,scenes/act4.md,1117,dialogue,0,"Well, if it turns out we *are* being a burden...","Λοιπόν, αν τελικά *είμαστε* βάρος...","{""speaker"": ""h""}"
scenes/act4.md:1124:dialogue:0,scenes/act4.md,1124,dialogue,0,"That's good to know, too!",Κι αυτό είναι καλό να το ξέρουμε!,"{""speaker"": ""h""}"
scenes/act4.md:1128:dialogue:0,scenes/act4.md,1128,dialogue,0,"We can then learn how to pro-actively ask people what they're comfortable with, to know and respect others' boundaries.","Μπορούμε τότε να μάθουμε πώς να ρωτάμε προληπτικά τους ανθρώπους τι τους βολεύει, να γνωρίζουμε και να σεβόμαστε τα όρια των άλλων.","{""speaker"": ""h""}"
scenes/act4.md:1135:dialogue:0,scenes/act4.md,1135,dialogue,0,"Y'know, all that ""inter-personal skills"" ^crap^ we see in counselor brochures.","Ξέρεις, όλα αυτά τα «διαπροσωπικά δεξιότητες» ^σκατά^ που βλέπουμε σε φυλλάδια συμβούλων.","{""speaker"": ""h""}"
scenes/act4.md:1150:dialogue:0,scenes/act4.md,1150,dialogue,0,"I want to defend your moral needs, that drive to become a better person,","Θέλω να υπερασπιστώ τις ηθικές σου ανάγκες, αυτή την πίστη να γίνεσαι καλύτερος άνθρωπος,","{""speaker"": ""b""}"
scenes/act4.md:1154:dialogue:0,scenes/act4.md,1154,dialogue,0,"But it just feels like deep down, we're so fundamentally... broken.",Αλλά βαθιά μέσα μου νιώθω ότι είμαστε τόσο θεμελιωδώς... χαλασμένοι.,"{""speaker"": ""b""}"
scenes/act4.md:1159:dialogue:0,scenes/act4.md,1159,dialogue,0,And don't tell me we're *not* messed up. We jumped off a *roof*.,Και μη μου πεις ότι *δεν* είμαστε χαλασμένοι. Πηδήξαμε από μια *σκεπή*.,"{""speaker"": ""b""}"
scenes/act4.md:1163:dialogue:0,scenes/act4.md,1163,dialogue,0,And don't tell me we're *not* messed up. We almost jumped off a *roof*.,Και μη μου πεις ότι *δεν* είμαστε χαλασμένοι. Σχεδόν πηδήξαμε από μια *σκεπή*.,"{""speaker"": ""b""}"
scenes/act4.md:1169:dialogue:0,scenes/act4.md,1169,dialogue,0,"I dunno, enough of *me* choosing what to say next. What do *you* say, human?","Δεν ξέρω, αρκετά με *εμένα* να διαλέγω τι θα πω μετά. Εσύ τι λες, *άνθρωπε*;","{""speaker"": ""b""}"
scenes/act4.md:1173:dialogue:0,scenes/act4.md,1173,dialogue,0,"Again, back to you, human. What do you think?","Πάλι, η σειρά σου, άνθρωπε. Τι πιστεύεις;","{""speaker"": ""b""}"
scenes/act4.md:1177:dialogue:0,scenes/act4.md,1177,dialogue,0,"More thoughts, human?","Άλλες σκέψεις, άνθρωπε;","{""speaker"": ""b""}"
scenes/act4.md:1182:choice:0,scenes/act4.md,1182,choice,0,So we're broken. Let's fix us.,Άρα είμαστε χαλασμένοι. Ας μας φτιάξουμε.,"{""anchor"": ""#act4_bad_fix""}"
scenes/act4.md:1184:choice:0,scenes/act4.md,1184,choice,0,So we're broken. Let's accept it.,Άρα είμαστε χαλασμένοι. Ας το αποδεχτούμε.,"{""anchor"": ""#act4_bad_accept""}"
scenes/act4.md:1186:choice:0,scenes/act4.md,1186,choice,0,Thank you.,Ευχαριστώ.,"{""anchor"": ""#act4_thanks""}"
scenes/act4.md:1195:dialogue:0,scenes/act4.md,1195,dialogue,0,"We could slowly build better habits, get our life more in line with what we value,","Μπορούμε σιγά-σιγά να χτίσουμε καλύτερες συνήθειες, να ευθυγραμμίσουμε τη ζωή μας με αυτό που εκτιμούμε,","{""speaker"": ""h""}"
scenes/act4.md:1199:dialogue:0,scenes/act4.md,1199,dialogue,0,"And if needed, we could get professional help – a therapist or counsellor.","Κι αν χρειαστεί, μπορούμε να πάρουμε επαγγελματική βοήθεια – θεραπευτή ή σύμβουλο.","{""speaker"": ""h""}"
scenes/act4.md:1203:dialogue:0,scenes/act4.md,1203,dialogue,0,There's ways to fix us.,Υπάρχουν τρόποι να μας φτιάξουμε.,"{""speaker"": ""h""}"
scenes/act4.md:1205:choice:0,scenes/act4.md,1205,choice,0,What if we can't fix it all?,Κι αν δεν μπορούμε να τα φτιάξουμε όλα;,"{""anchor"": ""#act4_bad_fix_cant""}"
scenes/act4.md:1207:choice:0,scenes/act4.md,1207,choice,0,What if we fix *too* much?,Κι αν φτιάξουμε *πάρα* πολύ;,"{""anchor"": ""#act4_bad_fix_too_much""}"
scenes/act4.md:1209:choice:0,scenes/act4.md,1209,choice,0,We can't afford professional help.,Δεν μας παίρνει η επαγγελματική βοήθεια.,"{""anchor"": ""#act4_bad_fix_afford""}"
scenes/act4.md:1215:dialogue:0,scenes/act4.md,1215,dialogue,0,"Nah, I guess you're right.","Όχι, νομίζω έχεις δίκιο.","{""speaker"": ""h""}"
scenes/act4.md:1217:dialogue:0,scenes/act4.md,1217,dialogue,0,We can't fix it all.,Δεν μπορούμε να τα φτιάξουμε όλα.,"{""speaker"": ""h""}"
scenes/act4.md:1221:dialogue:0,scenes/act4.md,1221,dialogue,0,Ahhh I knew it we'll always be broken!,"Ααα το ήξερα, θα είμαστε πάντα χαλασμένοι!","{""speaker"": ""b""}"
scenes/act4.md:1225:dialogue:0,scenes/act4.md,1225,dialogue,0,But we can at least be *less* broken.,Αλλά μπορούμε τουλάχιστον να είμαστε *λιγότερο* χαλασμένοι.,"{""speaker"": ""h""}"
scenes/act4.md:1232:dialogue:0,scenes/act4.md,1232,dialogue,0,"Scars heal with time, but they never go away. And that's okay.","Τα σημάδια επουλώνουν με τον καιρό, αλλά δεν εξαφανίζονται ποτέ. Και αυτό είναι εντάξει.","{""speaker"": ""h""}"
scenes/act4.md:1236:dialogue:0,scenes/act4.md,1236,dialogue,0,"I guess. Besides,","Νομίζω. Εξάλλου,","{""speaker"": ""b""}"
scenes/act4.md:1244:dialogue:0,scenes/act4.md,1244,dialogue,0,Scars are *sexy.*,Τα σημάδια είναι *sexy.*,"{""speaker"": ""b""}"
scenes/act4.md:1254:dialogue:0,scenes/act4.md,1254,dialogue,0,Please do not do that.,Μην το κάνεις αυτό.,"{""speaker"": ""h""}"
scenes/act4.md:1262:dialogue:0,scenes/act4.md,1262,dialogue,0,"This feels sick to admit, but... some part of me *wants* to have this disorder.","Νιώθω άσχημα που το παραδέχομαι, αλλά... κάποιο μέρος μου *θέλει* να έχει αυτή τη διαταραχή.","{""speaker"": ""b""}"
scenes/act4.md:1266:dialogue:0,scenes/act4.md,1266,dialogue,0,"I mean, without it, won't we be *boring?*","Εννοώ, χωρίς αυτή, δεν θα είμαστε *βαρετοί*;","{""speaker"": ""b""}"
scenes/act4.md:1270:dialogue:0,scenes/act4.md,1270,dialogue,0,"Without the disorder, won't our art become stale and bland?","Χωρίς τη διαταραχή, δεν θα σταματήσει η τέχνη μας να γίνεται ξινή και άχαμνη;","{""speaker"": ""b""}"
scenes/act4.md:1274:dialogue:0,scenes/act4.md,1274,dialogue,0,"Without the disorder, won't we be unable to connect with our friends who have the disorder?","Χωρίς τη διαταραχή, δεν θα μπορούμε να συνδεθούμε με τους φίλους μας που έχουν τη διαταραχή;","{""speaker"": ""b""}"
scenes/act4.md:1278:dialogue:0,scenes/act4.md,1278,dialogue,0,"If we're ever content with life, won't we stop driving ourselves to do great things?","Αν είμαστε ποτέ ικανοποιημένοι με τη ζωή, δεν θα σταματήσουμε να ωθούμε τον εαυτό μας να κάνει σπουδαία πράγματα;","{""speaker"": ""b""}"
scenes/act4.md:1282:dialogue:0,scenes/act4.md,1282,dialogue,0,...,...,"{""speaker"": ""h""}"
scenes/act4.md:1284:dialogue:0,scenes/act4.md,1284,dialogue,0,"If we even fear... ""running out of fears""...",Αν φοβόμαστε ακόμα κι... «να μας τελειώσουν οι φόβοι»...,"{""speaker"": ""h""}"
scenes/act4.md:1286:dialogue:0,scenes/act4.md,1286,dialogue,0,I don't think we're gonna run out of fears.,Δεν νομίζω ότι θα μας τελειώσουν οι φόβοι.,"{""speaker"": ""h""}"
scenes/act4.md:1290:dialogue:0,scenes/act4.md,1290,dialogue,0,"Oh, yeah! Whew! What a relief!","Ω, ναι! Φιού! Τι ανακούφιση!","{""speaker"": ""b""}"
scenes/act4.md:1298:dialogue:0,scenes/act4.md,1298,dialogue,0,"""Doc, I'm anxious that I'm paying $100/hr just to hear you ask *how does that make you feel?*""","«Γιατρέ, αγχώνομαι που πληρώνω 100$/ώρα απλώς για να μου ρωτάς *πώς σου κάνει αυτό;*»","{""speaker"": ""b""}"
scenes/act4.md:1302:dialogue:0,scenes/act4.md,1302,dialogue,0,"""Mm-hmm. And how does that make you feel?""",«Μμ-χμ. Και πώς σου κάνει αυτό;»,"{""speaker"": ""b""}"
scenes/act4.md:1309:dialogue:0,scenes/act4.md,1309,dialogue,0,"Nah, that's a totally reasonable worry.","Όχι, αυτό είναι εντελώς λογικό άγχος.","{""speaker"": ""h""}"
scenes/act4.md:1313:dialogue:0,scenes/act4.md,1313,dialogue,0,And it genuinely sucks that mental healthcare isn't affordable for lots of folks.,Και πραγματικά γαμάει που η ψυχική υγεία δεν είναι προσιτή για πολλούς.,"{""speaker"": ""h""}"
scenes/act4.md:1317:dialogue:0,scenes/act4.md,1317,dialogue,0,"Still, there are some cheap or free options:","Παρ' όλα αυτά, υπάρχουν φτηνές ή δωρεάν επιλογές:","{""speaker"": ""h""}"
scenes/act4.md:1321:dialogue:0,scenes/act4.md,1321,dialogue,0,"Support groups, online therapy, student/non-profit health centers...","Ομάδες υποστήριξης, online θεραπεία, φοιτητικά/μη κερδοσκοπικά κέντρα υγείας...","{""speaker"": ""h""}"
scenes/act4.md:1325:dialogue:0,scenes/act4.md,1325,dialogue,0,"Building habits like meditation, sleeping well, chatting regularly with friends, learning new things...","Συνήθειες όπως διαλογισμός, καλός ύπνος, τακτική κουβέντα με φίλους, μάθηση νέων πραγμάτων...","{""speaker"": ""h""}"
scenes/act4.md:1329:dialogue:0,scenes/act4.md,1329,dialogue,0,Going to a library to borrow workbooks for evidence-based psychotherapies...,Πήγαινε στη βιβλιοθήκη να δανειστείς βιβλία εργασίας για evidence-based ψυχοθεραπείες...,"{""speaker"": ""h""}"
scenes/act4.md:1333:dialogue:0,scenes/act4.md,1333,dialogue,0,There's a full list of resources at the end of this game!,Υπάρχει πλήρης λίστα πόρων στο τέλος αυτού του παιχνιδιού!,"{""speaker"": ""h""}"
scenes/act4.md:1340:dialogue:0,scenes/act4.md,1340,dialogue,0,Well *that* fourth wall didn't last long.,"Λοιπόν, *αυτός* ο τέταρτος τοίχος δεν κράτησε πολύ.","{""speaker"": ""b""}"
scenes/act4.md:1344:dialogue:0,scenes/act4.md,1344,dialogue,0,Some things are more important than narrative convention. Such as mental health.,Κάποια πράγματα είναι πιο σημαντικά από τις αφηγηματικές συμβάσεις. Όπως η ψυχική υγεία.,"{""speaker"": ""h""}"
scenes/act4.md:1356:dialogue:0,scenes/act4.md,1356,dialogue,0,"I mean, that's what therapists say right? Accept all your emotions, even the negative ones?","Εννοώ, αυτό λένε οι θεραπευτές, έτσι; Να αποδέχεσαι όλα τα συναισθήματά σου, ακόμα κι τα αρνητικά;","{""speaker"": ""h""}"
scenes/act4.md:1363:dialogue:0,scenes/act4.md,1363,dialogue,0,Wait.,Περίμενε.,"{""speaker"": ""b""}"
scenes/act4.md:1365:choice:0,scenes/act4.md,1365,choice,0,"""Accept"" as in *give up*?",«Αποδέχομαι» εννοώντας *παρατάω*;,"{""anchor"": ""#act4_bad_accept_give_up""}"
scenes/act4.md:1367:choice:0,scenes/act4.md,1367,choice,0,"""Accept"" as in *approve*?",«Αποδέχομαι» εννοώντας *εγκρίνω*;,"{""anchor"": ""#act4_bad_accept_approve""}"
scenes/act4.md:1369:choice:0,scenes/act4.md,1369,choice,0,"""Accept"" as in *take literally*?",«Αποδέχομαι» εννοώντας *παίρνω κυριολεκτικά*;,"{""anchor"": ""#act4_bad_accept_literally""}"
scenes/act4.md:1375:dialogue:0,scenes/act4.md,1375,dialogue,0,"Do you think Martin Luther King would've said, ""Shucks we can't sit in the front of the bus, let's just *accept* it?""","Νομίζεις ο Martin Luther King θα έλεγε, «Ωχ δεν μπορούμε να καθίσουμε μπροστά στο λεωφορείο, ας το *αποδεχτούμε*;»","{""speaker"": ""b""}"
scenes/act4.md:1379:dialogue:0,scenes/act4.md,1379,dialogue,0,Why does the Self-Help Industrial Complex think waving the white flag is some *profound wisdom?*,Γιατί ο Βιομηχανικός Συμπλέγματος Αυτοβοήθειας νομίζει ότι το να σηκώνεις λευκή σημαία είναι κάποια *βαθιά σοφία;*,"{""speaker"": ""b""}"
scenes/act4.md:1383:dialogue:0,scenes/act4.md,1383,dialogue,0,"I think therapists mean ""accept"" bad things as in: acknowledging they exist and are hard to change,","Νομίζω οι θεραπευτές εννοούν «αποδέχομαι» τα κακά πράγματα ως: να αναγνωρίζεις ότι υπάρχουν και είναι δύσκολο να αλλάξουν,","{""speaker"": ""h""}"
scenes/act4.md:1385:dialogue:0,scenes/act4.md,1385,dialogue,0,But not necessarily giving up a commitment to change.,Αλλά όχι απαραίτητα να παρατάς τη δέσμευση για αλλαγή.,"{""speaker"": ""h""}"
scenes/act4.md:1389:dialogue:0,scenes/act4.md,1389,dialogue,0,"Then therapists should say *acknowledge*, not *accept*.","Τότε οι θεραπευτές θα έπρεπε να λένε *αναγνωρίζω*, όχι *αποδέχομαι*.","{""speaker"": ""b""}"
scenes/act4.md:1393:dialogue:0,scenes/act4.md,1393,dialogue,0,"Yeah come to think of it, ""accept"" is kinda confusing.","Ναι, τώρα που το σκέφτομαι, το «αποδέχομαι» είναι μπερδεμένο.","{""speaker"": ""h""}"
scenes/act4.md:1397:dialogue:0,scenes/act4.md,1397,dialogue,0,"Well, I *acknowledge* that.","Λοιπόν, το *αναγνωρίζω*.","{""speaker"": ""b""}"
scenes/act4.md:1405:dialogue:0,scenes/act4.md,1405,dialogue,0,Like it's *good* that we're broken or something? No!,Σαν να είναι *καλό* που είμαστε χαλασμένοι ή κάτι; Όχι!,"{""speaker"": ""b""}"
scenes/act4.md:1409:dialogue:0,scenes/act4.md,1409,dialogue,0,All those dang Hollywood screenwriters who romanticize mental illness are full of crud!,Όλοι αυτοί οι καταραμένοι σεναριογράφοι του Χόλιγουντ που ρομαντικοποιούν την ψυχική αρρώστια είναι γεμάτοι σκατά!,"{""speaker"": ""b""}"
scenes/act4.md:1413:dialogue:0,scenes/act4.md,1413,dialogue,0,"Having a mental disorder *sucks!* It robs people of *lives!* Why should we ""accept"" that?!",Το να έχεις ψυχική διαταραχή *γαμάει!* Κλέβει *ζωές* από ανθρώπους! Γιατί να το «αποδεχόμαστε»;,"{""speaker"": ""b""}"
scenes/act4.md:1417:dialogue:0,scenes/act4.md,1417,dialogue,0,"I think therapists mean ""accept"" our emotions as in: be patient with them.",Νομίζω οι θεραπευτές εννοούν «αποδέχομαι» τα συναισθήματά μας ως: να είσαι υπομονετικός μαζί τους.,"{""speaker"": ""h""}"
scenes/act4.md:1424:dialogue:0,scenes/act4.md,1424,dialogue,0,"Like how struggling in quicksand makes you sink faster, and the solution is to patiently lie flat,","Όπως όταν η πάλη στην αμμόλυση σε βυθίζει πιο γρήγορα, και η λύση είναι να ξαπλώσεις ήρεμα,","{""speaker"": ""h""}"
scenes/act4.md:1429:dialogue:0,scenes/act4.md,1429,dialogue,0,"Fighting against you, my fear, led me to jump off a roof.","Το να πολεμάω εσένα, τον φόβο μου, με έκανε να πηδήξω από μια σκεπή.","{""speaker"": ""h""}"
scenes/act4.md:1433:dialogue:0,scenes/act4.md,1433,dialogue,0,"Fighting against you, my fear, almost led me to jump off a roof.","Το να πολεμάω εσένα, τον φόβο μου, σχεδόν με έκανε να πηδήξω από μια σκεπή.","{""speaker"": ""h""}"
scenes/act4.md:1438:dialogue:0,scenes/act4.md,1438,dialogue,0,"Instead, the solution is to do what we're doing now – not to fight, but to patiently be with each other.","Αντίθετα, η λύση είναι να κάνουμε αυτό που κάνουμε τώρα – όχι να πολεμάμε, αλλά να είμαστε υπομονετικά μαζί.","{""speaker"": ""h""}"
scenes/act4.md:1442:dialogue:0,scenes/act4.md,1442,dialogue,0,"Then they should say *that* instead of some problematic word like ""accept"".",Τότε θα έπρεπε να λένε *αυτό* αντί για κάποια προβληματική λέξη όπως «αποδέχομαι».,"{""speaker"": ""b""}"
scenes/act4.md:1446:dialogue:0,scenes/act4.md,1446,dialogue,0,"Yeah come to think of it, ""accept"" kind of sucks.","Ναι, τώρα που το σκέφτομαι, το «αποδέχομαι» γαμάει λίγο.","{""speaker"": ""h""}"
scenes/act4.md:1450:dialogue:0,scenes/act4.md,1450,dialogue,0,"I do not accept ""accept"".",Δεν αποδέχομαι το «αποδέχομαι».,"{""speaker"": ""b""}"
scenes/act4.md:1458:dialogue:0,scenes/act4.md,1458,dialogue,0,But we already *know* you shouldn't take me literally!,Αλλά *ξέρουμε* ήδη ότι δεν πρέπει να με παίρνεις κυριολεκτικά!,"{""speaker"": ""b""}"
scenes/act4.md:1462:dialogue:0,scenes/act4.md,1462,dialogue,0,"The whole *problem* is that I want to help you, but I suck at using words to do so!","Το *πρόβλημα* είναι ότι θέλω να σε βοηθήσω, αλλά αποτυγχάνω να το κάνω με λόγια!","{""speaker"": ""b""}"
scenes/act4.md:1466:dialogue:0,scenes/act4.md,1466,dialogue,0,"I think therapists mean ""accept"" your emotions as in: ""don't fight or ignore them.""",Νομίζω οι θεραπευτές εννοούν «αποδέχομαι» τα συναισθήματά σου ως: «μην τα πολεμάς ή τα αγνοείς.»,"{""speaker"": ""h""}"
scenes/act4.md:1470:dialogue:0,scenes/act4.md,1470,dialogue,0,"To listen to you, work *with* you, but not take what you say as 100% literal truth.","Να σε ακούς, να δουλεύεις *μαζί* σου, αλλά να μην παίρνεις ό,τι λες ως 100% κυριολεκτική αλήθεια.","{""speaker"": ""h""}"
scenes/act4.md:1477:dialogue:0,scenes/act4.md,1477,dialogue,0,"Then therapists should say *that* instead of some vague confusing word like ""accept"".",Τότε οι θεραπευτές θα έπρεπε να λένε *αυτό* αντί για κάποια αόριστη μπερδεμένη λέξη όπως «αποδέχομαι».,"{""speaker"": ""b""}"
scenes/act4.md:1481:dialogue:0,scenes/act4.md,1481,dialogue,0,"I guess they suck at using words, too.",Νομίζω κι εκείνοι αποτυγχάνουν με τα λόγια.,"{""speaker"": ""h""}"
scenes/act4.md:1496:dialogue:0,scenes/act4.md,1496,dialogue,0,"Anyway, anything else you wanna chat about?","Λοιπόν, κάτι άλλο θέλεις να πούμε;","{""speaker"": ""h""}"
scenes/act4.md:1500:dialogue:0,scenes/act4.md,1500,dialogue,0,"So, anything else on your heavy heart?","Λοιπόν, κάτι άλλο στο βαρύ σου καρδιά;","{""speaker"": ""h""}"
scenes/act4.md:1508:choice:0,scenes/act4.md,1508,choice,0,I'm scared we'll be harmed.,Φοβάμαι ότι θα βλαφτούμε.,"{""anchor"": ""#act4_harm""}"
scenes/act4.md:1512:choice:0,scenes/act4.md,1512,choice,0,I'm scared we'll be alone.,Φοβάμαι ότι θα μείνουμε μόνοι.,"{""anchor"": ""#act4_alone""}"
scenes/act4.md:1516:choice:0,scenes/act4.md,1516,choice,0,I'm scared we're bad people.,Φοβάμαι ότι είμαστε κακοί άνθρωποι.,"{""anchor"": ""#act4_bad""}"
scenes/act4.md:1519:choice:0,scenes/act4.md,1519,choice,0,"Nah, I'm good for now.","Όχι, είμαι εντάξει προς το παρόν.","{""anchor"": ""#act4c_prelude""}"
scenes/act4.md:1523:dialogue:0,scenes/act4.md,1523,dialogue,0,"Okay, I think we've talked about all our fears now.","Εντάξει, νομίζω μιλήσαμε για όλους τους φόβους μας τώρα.","{""speaker"": ""h""}"
scenes/act4.md:1525:dialogue:0,scenes/act4.md,1525,dialogue,0,"Yes, there are only three fears.","Ναι, υπάρχουν μόνο τρεις φόβοι.","{""speaker"": ""b""}"
scenes/act4.md:1527:dialogue:0,scenes/act4.md,1527,dialogue,0,"Yup, exactly three.","Ναι, ακριβώς τρεις.","{""speaker"": ""h""}"
scenes/act4.md:1529:dialogue:0,scenes/act4.md,1529,dialogue,0,Convenient.,Βολικό.,"{""speaker"": ""b""}"
scenes/act4.md:1535:dialogue:0,scenes/act4.md,1535,dialogue,0,"Good chat, team.","Καλή κουβέντα, ομάδα.","{""speaker"": ""h""}"
scenes/act4.md:1548:dialogue:0,scenes/act4.md,1548,dialogue,0,...,...,"{""speaker"": ""b""}"
scenes/act4.md:1552:dialogue:0,scenes/act4.md,1552,dialogue,0,...,...,"{""speaker"": ""h""}"
scenes/act4.md:1556:dialogue:0,scenes/act4.md,1556,dialogue,0,"This isn't some *game*, you know.","Αυτό δεν είναι κάποιο *παιχνίδι*, ξέρεις.","{""speaker"": ""b""}"
scenes/act4.md:1560:dialogue:0,scenes/act4.md,1560,dialogue,0,Building a healthy relationship with your emotions isn't as simple as clicking buttons on a screen.,Το να χτίσεις υγιή σχέση με τα συναισθήματά σου δεν είναι τόσο απλό όσο να πατάς κουμπιά σε μια οθόνη.,"{""speaker"": ""b""}"
scenes/act4.md:1564:dialogue:0,scenes/act4.md,1564,dialogue,0,*Can* we really get along?,*Μπορούμε* πραγματικά να τα βρούμε;,"{""speaker"": ""b""}"
scenes/act4.md:1566:dialogue:0,scenes/act4.md,1566,dialogue,0,"*Can* we work together, as a team?","*Μπορούμε* να δουλέψουμε μαζί, σαν ομάδα;","{""speaker"": ""b""}"
scenes/act4.md:1570:dialogue:0,scenes/act4.md,1570,dialogue,0,"Well,","Λοιπόν,","{""speaker"": ""h""}"
scenes/act4.md:1577:dialogue:0,scenes/act4.md,1577,dialogue,0,E-excuse me...,Σ-συγγνώμη...,"{""speaker"": ""a""}"
scenes/act4.md:1595:dialogue:0,scenes/act4.md,1595,dialogue,0,W-wo-would you mind if I sat with you for lunch?,Θ-θα σ' πείραζε αν κάθισα μαζί σου για μεσημεριανό;,"{""speaker"": ""a""}"
scenes/act4.md:1600:dialogue:0,scenes/act4.md,1600,dialogue,0,*This* is your crush? Why are they sitting alone like a psycho serial killer?,*Αυτό* είναι το crush σου; Γιατί κάθονται μόνοι/η σαν ψυχοπαθής σειριακός δολοφόνος;,"{""speaker"": ""s""}"
scenes/act4.md:1604:dialogue:0,scenes/act4.md,1604,dialogue,0,Asking your crush if you can sit with them? Do you know how *needy* we sound?!,Να ρωτήσεις το crush σου αν μπορείς να καθίσεις μαζί τους; Ξέρεις πόσο *επιεικείς* ακούγόμαστε;,"{""speaker"": ""s""}"
scenes/act4.md:1608:dialogue:0,scenes/act4.md,1608,dialogue,0,*This* is your crush? We interrupted their peace and quiet! We're such a burden!,*Αυτό* είναι το crush σου; Διακόψαμε την ησυχία τους! Είμαστε τέτοιο βάρος!,"{""speaker"": ""s""}"
scenes/act4.md:1613:dialogue:0,scenes/act4.md,1613,dialogue,0,"I- I mean- it's, it's okay if not, I just...","Ε- εννοώ- εντάξει αν όχι, απλώς...","{""speaker"": ""a""}"
scenes/act4.md:1619:choice:0,scenes/act4.md,1619,choice,0,"Wait, didn't I see you at the party?","Περίμενε, δεν σε είδα στο πάρτι;","{""anchor"": ""#act4d_recognition""}"
scenes/act4.md:1621:choice:0,scenes/act4.md,1621,choice,0,"Yeah, of course! Come here.","Ναι, φυσικά! Έλα εδώ.","{""anchor"": ""#act4d_yes""}"
scenes/act4.md:1623:choice:0,scenes/act4.md,1623,choice,0,"Sorry, I need alone time right now.","Συγγνώμη, χρειάζομαι χρόνο μόνος/η τώρα.","{""anchor"": ""#act4d_no""}"
scenes/act4.md:1629:dialogue:0,scenes/act4.md,1629,dialogue,0,Yeah you were on the couch! At the first party I went to...,"Ναι, ήσουν στον καναπέ! Στο πρώτο πάρτι που πήγα...","{""speaker"": ""h2""}"
scenes/act4.md:1634:dialogue:0,scenes/act4.md,1634,dialogue,0,Where I had that panic attack and punched the host.,Όπου είχα εκείνο το κρίση πανικού και χτύπησα τον οικοδεσπότη.,"{""speaker"": ""h2""}"
scenes/act4.md:1638:dialogue:0,scenes/act4.md,1638,dialogue,0,Where I had that panic attack and ran out crying.,Όπου είχα εκείνο το κρίση πανικού και έφυγα κλαίγοντας.,"{""speaker"": ""h2""}"
scenes/act4.md:1646:dialogue:0,scenes/act4.md,1646,dialogue,0,"Hang on human, we may be making them uncomfortable.","Περίμενε άνθρωπε, μπορεί να τους κάνουμε άβολα.","{""speaker"": ""b""}"
scenes/act4.md:1653:dialogue:0,scenes/act4.md,1653,dialogue,0,"Ah, I don't mean to put you on the spot!","Α, δεν θέλω να σε βάλω σε δύσκολη θέση!","{""speaker"": ""h2""}"
scenes/act4.md:1657:dialogue:0,scenes/act4.md,1657,dialogue,0,"Just remembering a friendly face, is all.","Απλώς θυμήθηκα ένα φιλικό πρόσωπο, τίποτα άλλο.","{""speaker"": ""h2""}"
scenes/act4.md:1665:dialogue:0,scenes/act4.md,1665,dialogue,0,AHHHHH I KNEW IT! THEY'RE A DANGEROUS PANIC-DRIVEN PSYCHO!,ΑΑΑΑΑ ΤΟ ΞΕΡΩ! ΕΙΝΑΙ ΕΠΙΚΙΝΔΥΝΟΣ ΨΥΧΟΠΑΘΗΣ ΠΑΝΙΚΟΥ!,"{""speaker"": ""s""}"
scenes/act4.md:1669:dialogue:0,scenes/act4.md,1669,dialogue,0,"AAHHH THE FIRST IMPRESSION WE MADE WAS ""WITNESSED MY TRAUMA""! THAT MEANS THEY HATE US!",ΑΑΑΧΗ Η ΠΡΩΤΗ ΕΝΤΥΠΩΣΗ ΠΟΥ ΚΑΝΑΜΕ ΗΤΑΝ «ΕΙΔΑΝ ΤΟ ΤΡΑΥΜΑ ΜΟΥ»! ΑΥΤΟ ΣΗΜΑΙΝΕΙ ΜΑΣ ΜΙΣΟΥΝ!,"{""speaker"": ""s""}"
scenes/act4.md:1673:dialogue:0,scenes/act4.md,1673,dialogue,0,AAAHHH WE MADE SOMEONE REMEMBER A TRAUMATIC EVENT. OUR MERE PRESENCE HURTS OTHERS.,ΑΑΑΧΗ ΚΑΝΑΜΕ ΚΑΠΟΙΟΝ ΝΑ ΘΥΜΗΘΕΙ ΤΡΑΥΜΑΤΙΚΟ ΓΕΓΟΝΟΣ. Η ΑΠΛΗ ΜΑΣ ΠΑΡΟΥΣΙΑ ΠΛΗΓΩΝΕΙ ΑΛΛΟΥΣ.,"{""speaker"": ""s""}"
scenes/act4.md:1685:dialogue:0,scenes/act4.md,1685,dialogue,0,"Hang on human, they seem uncomfortable.","Περίμενε άνθρωπε, φαίνονται άβολα.","{""speaker"": ""b""}"
scenes/act4.md:1692:dialogue:0,scenes/act4.md,1692,dialogue,0,"Ah, no pressure of course!","Α, καμία πίεση φυσικά!","{""speaker"": ""h2""}"
scenes/act4.md:1696:dialogue:0,scenes/act4.md,1696,dialogue,0,"Just saying, you can sit here if you want to.","Απλώς λέω, μπορείς να καθίσεις εδώ αν θέλεις.","{""speaker"": ""h2""}"
scenes/act4.md:1704:dialogue:0,scenes/act4.md,1704,dialogue,0,"THEY'RE BEING *TOO* FRIENDLY! LIKE TED BUNDY, THE SERIAL KILLER!","ΕΙΝΑΙ *ΠΟΛΥ* ΦΙΛΙΚΟΙ! ΣΑΝ ΤΟΝ TED BUNDY, ΤΟΝ ΣΕΙΡΙΑΚΟ ΔΟΛΟΦΟΝΟ!","{""speaker"": ""s""}"
scenes/act4.md:1708:dialogue:0,scenes/act4.md,1708,dialogue,0,THEY'RE JUST ACTING NICE! NO ONE *REALLY* WANTS TO BE CLOSE TO US!,ΑΠΛΩΣ ΠΡΟΣΠΟΙΟΥΝΤΑΙ ΕΥΓΕΝΙΚΟΙ! ΚΑΝΕΙΣ *ΠΡΑΓΜΑΤΙΚΑ* ΔΕΝ ΘΕΛΕΙ ΝΑ ΕΙΝΑΙ ΚΟΝΤΑ ΜΑΣ!,"{""speaker"": ""s""}"
scenes/act4.md:1712:dialogue:0,scenes/act4.md,1712,dialogue,0,AHHH WE ALWAYS MAKE OTHERS FEEL AWKWARD! WE'RE A STAIN UPON THE EARTH!,ΑΑΑΧΗ ΠΑΝΤΑ ΚΑΝΟΥΜΕ ΤΟΥΣ ΑΛΛΟΥΣ ΝΑ ΝΙΩΘΟΥΝ ΑΝΕΝΤΟΜΟΙ! ΕΙΜΑΣΤΕ ΚΗΛΙΔΑ ΣΤΗ ΓΗ!,"{""speaker"": ""s""}"
scenes/act4.md:1724:dialogue:0,scenes/act4.md,1724,dialogue,0,"Hang on human, we may be making them uncomfortable.","Περίμενε άνθρωπε, μπορεί να τους κάνουμε άβολα.","{""speaker"": ""b""}"
scenes/act4.md:1731:dialogue:0,scenes/act4.md,1731,dialogue,0,"Ah, I don't mean to be rude!","Α, δεν θέλω να είμαι αγενής!","{""speaker"": ""h2""}"
scenes/act4.md:1735:dialogue:0,scenes/act4.md,1735,dialogue,0,I just need some time to process my emotions. Please don't take it as a personal rejection.,Απλώς χρειάζομαι λίγο χρόνο να επεξεργαστώ τα συναισθήματά μου. Μην το πάρεις προσωπικά.,"{""speaker"": ""h2""}"
scenes/act4.md:1743:dialogue:0,scenes/act4.md,1743,dialogue,0,"WHAT SICK, TWISTED THOUGHTS ARE THEY PROCESSING?! WHAT DARK DESIRES FILL THIS PSYCHO'S HEART?!","ΤΙ ΑΡΡΩΣΤΕΣ, ΣΤΡΕΒΛΩΜΕΝΕΣ ΣΚΕΨΕΙΣ ΕΠΕΞΕΡΓΑΖΟΝΤΑΙ; ΤΙ ΣΚΟΤΕΙΝΕΣ ΕΠΙΘΥΜΙΕΣ ΓΕΜΙΖΟΥΝ ΤΗΝ ΚΑΡΔΙΑ ΑΥΤΟΥ ΤΟΥ ΨΥΧΟΠΑΘΗ;","{""speaker"": ""s""}"
scenes/act4.md:1747:dialogue:0,scenes/act4.md,1747,dialogue,0,WE'VE BEEN PERSONALLY REJECTED! WE'LL NEVER BE LOVED!,ΜΑΣ ΑΠΟΡΡΙΨΑΝ ΠΡΟΣΩΠΙΚΑ! ΔΕΝ ΘΑ ΑΓΑΠΗΘΟΥΜΕ ΠΟΤΕ!,"{""speaker"": ""s""}"
scenes/act4.md:1751:dialogue:0,scenes/act4.md,1751,dialogue,0,WE INTERRUPTED THEIR EMOTIONAL PROCESSING! NOW THEY'LL BE TRAUMATIZED FOREVER AND IT'S ALL OUR FAULT!,ΔΙΕΚΟΨΑΜΕ ΤΗΝ ΕΠΕΞΕΡΓΑΣΙΑ ΣΥΝΑΙΣΘΗΜΑΤΩΝ ΤΟΥΣ! ΤΩΡΑ ΘΑ ΤΡΑΥΜΑΤΙΣΤΟΥΝ ΓΙΑ ΠΑΝΤΑ ΚΑΙ ΕΙΝΑΙ ΟΛΑ ΔΙΚΗ ΜΑΣ ΕΥΘΥΝΗ!,"{""speaker"": ""s""}"
scenes/act4.md:1763:dialogue:0,scenes/act4.md,1763,dialogue,0,RUN RUN RUN RUN RUN RUN RUN RUN RUN RUN RUN RUN RUN RUN RUN,ΤΡΕΧΕ ΤΡΕΧΕ ΤΡΕΧΕ ΤΡΕΧΕ ΤΡΕΧΕ ΤΡΕΧΕ ΤΡΕΧΕ ΤΡΕΧΕ ΤΡΕΧΕ ΤΡΕΧΕ ΤΡΕΧΕ ΤΡΕΧΕ ΤΡΕΧΕ ΤΡΕΧΕ,"{""speaker"": ""s""}"
scenes/act4.md:1790:dialogue:0,scenes/act4.md,1790,dialogue,0,Huh. That was weird. I wonder what was going on in their head.,Χμ. Ήταν περίεργο. Αναρωτιέμαι τι περνούσε από το κεφάλι τους.,"{""speaker"": ""h""}"
scenes/act4.md:1794:dialogue:0,scenes/act4.md,1794,dialogue,0,"Anyway, you were saying?","Λοιπόν, έλεγες;","{""speaker"": ""h""}"
scenes/act4.md:1801:dialogue:0,scenes/act4.md,1801,dialogue,0,"Uh, I forget? Something about teams and work?","Ε, ξέχασα; Κάτι για ομάδες και δουλειά;","{""speaker"": ""b""}"
scenes/act4.md:1808:dialogue:0,scenes/act4.md,1808,dialogue,0,¯\_(ツ)_/¯,¯\_(ツ)_/¯,"{""speaker"": ""h""}"
scenes/act4.md:1815:dialogue:0,scenes/act4.md,1815,dialogue,0,"They say you should ""make peace"" with your emotions, as if your emotions are *war criminals*.","Λένε ότι πρέπει να «κάνεις ειρήνη» με τα συναισθήματά σου, σαν να είναι *εγκληματίες πολέμου*.","{""speaker"": ""b""}"
scenes/act4.md:1819:dialogue:0,scenes/act4.md,1819,dialogue,0,But I want us to make *more* than mere peace! I want us to be *allies!*,Αλλά θέλω να κάνουμε *περισσότερα* από απλή ειρήνη! Θέλω να είμαστε *σύμμαχοι!*,"{""speaker"": ""b""}"
scenes/act4.md:1823:dialogue:0,scenes/act4.md,1823,dialogue,0,"I want to be a good guard-dog. Just like how hunger & thirst are alarms for your physical needs,","Θέλω να είμαι καλός φρουρός-σκύλος. Όπως η πείνα και η δίψα είναι συναγερμοί για τις σωματικές σου ανάγκες,","{""speaker"": ""b""}"
scenes/act4.md:1827:dialogue:0,scenes/act4.md,1827,dialogue,0,"I want to be the alarm for your *psychological* needs – your needs for safety, belonging, goodness.","Θέλω να είμαι ο συναγερμός για τις *ψυχολογικές* σου ανάγκες – τις ανάγκες σου για ασφάλεια, ανήκειν, καλοσύνη.","{""speaker"": ""b""}"
scenes/act4.md:1831:dialogue:0,scenes/act4.md,1831,dialogue,0,"But... I suck at my job, so I need you to train me.","Αλλά... αποτυγχάνω στη δουλειά μου, οπότε χρειάζομαι εσένα να με εκπαιδεύσεις.","{""speaker"": ""b""}"
scenes/act4.md:1835:dialogue:0,scenes/act4.md,1835,dialogue,0,"I'm not ""always valid,"" nor ""always irrational."" I'm just... trying my best. So, please,","Δεν είμαι «πάντα έγκυρος/η», ούτε «πάντα παράλογος/η». Απλώς... προσπαθώ όσο μπορώ. Λοιπόν, παρακαλώ,","{""speaker"": ""b""}"
scenes/act4.md:1839:dialogue:0,scenes/act4.md,1839,dialogue,0,Help me help you!,Βοήθησέ με να σε βοηθήσω!,"{""speaker"": ""b""}"
scenes/act4.md:1843:dialogue:0,scenes/act4.md,1843,dialogue,0,"Though, teaching an old dog new tricks *will* take a while. Maybe *years.*","Όμως, το να μάθεις σε γέρο σκύλο νέα κόλπα *θα* πάρει καιρό. Ίσως *χρόνια.*","{""speaker"": ""b""}"
scenes/act4.md:1847:dialogue:0,scenes/act4.md,1847,dialogue,0,"And sometimes I'll relapse, I'll slip into my old habits.","Και μερικές φορές θα υποτροπιάσω, θα γλιστρήσω στις παλιές μου συνήθειες.","{""speaker"": ""b""}"
scenes/act4.md:1851:dialogue:0,scenes/act4.md,1851,dialogue,0,I'll bark at shadows. I'll scare you with words. I might even show you some intrusive images of... things.,Θα γαυγίζω σε σκιές. Θα σε τρομάζω με λόγια. Μπορεί ακόμα κι να σου δείξω ενοχλητικές εικόνες... πραγμάτων.,"{""speaker"": ""b""}"
scenes/act4.md:1855:dialogue:0,scenes/act4.md,1855,dialogue,0,I'm sorry! I'm a battered shelter dog! Battered dogs poop on your bed sometimes!,Συγγνώμη! Είμαι κακοποιημένος σκύλος από καταφύγιο! Οι κακοποιημένοι σκύλοι κάνουν καμάκι στο κρεβάτι σου μερικές φορές!,"{""speaker"": ""b""}"
scenes/act4.md:1859:dialogue:0,scenes/act4.md,1859,dialogue,0,But if you're patient with me... and just stay and sit with me...,Αλλά αν είσαι υπομονετικός/ή μαζί μου... και απλώς μείνεις και κάτσεις μαζί μου...,"{""speaker"": ""b""}"
scenes/act4.md:1863:dialogue:0,scenes/act4.md,1863,dialogue,0,Maybe you can tame this wolf.,Ίσως μπορέσεις να εξημερώσεις αυτόν τον λύκο.,"{""speaker"": ""b""}"
scenes/act4.md:1873:choice:0,scenes/act4.md,1873,choice,0,Good dog.,Καλός σκύλος.,"{""anchor"": ""#act4f-pat-bb""}"
scenes/act4.md:1877:choice:0,scenes/act4.md,1877,choice,0,Good human.,Καλός άνθρωπος.,"{""anchor"": ""#act4f-pat-hong""}"
scenes/act4.md:1974:dialogue:0,scenes/act4.md,1974,dialogue,0,AAAAA YOU'RE STILL EATING ALONE FIFTEEN CIGARETTES AAAAA,ΑΑΑΑΑ ΑΚΟΜΑ ΤΡΩΣ ΜΟΝΟΣ/Η ΠΕΝΤΕΝΗΜΕΡΙΑ ΤΣΙΓΑΡΑ ΑΑΑΑΑ,"{""speaker"": ""b""}"
scenes/act4.md:1978:dialogue:0,scenes/act4.md,1978,dialogue,0,AAAAA YOU'RE STILL NOT PRODUCTIVE WHILE EATING WE'RE SOCIETY-PARASITES AAAAA,ΑΑΑΑΑ ΑΚΟΜΑ ΔΕΝ ΕΙΣΑΙ ΠΑΡΑΓΩΓΙΚΟΣ/Η ΕΝΩ ΤΡΩΣ ΕΙΜΑΣΤΕ ΠΑΡΑΣΙΤΑ-ΚΟΙΝΩΝΙΑΣ ΑΑΑΑΑ,"{""speaker"": ""b""}"
scenes/act4.md:1982:dialogue:0,scenes/act4.md,1982,dialogue,0,AAAAA YOU'RE EATING MORE WHITE BREAD AAAAA,ΑΑΑΑΑ ΤΡΩΣ ΑΚΟΜΑ ΛΕΥΚΟ ΨΩΜΙ ΑΑΑΑΑ,"{""speaker"": ""b""}"
scenes/act4.md:1995:dialogue:0,scenes/act4.md,1995,dialogue,0,YAP YAP YAP YAP YAP,ΓΑΥ ΓΑΥ ΓΑΥ ΓΑΥ ΓΑΥ,"{""speaker"": ""b""}"
scenes/intermission.md:19:dialogue:0,scenes/intermission.md,19,dialogue,0,FEARS THIS ROUND:,ΦΟΒΟΙ ΑΥΤΟΥ ΤΟΥ ΓΥΡΟΥ:,"{""speaker"": ""n2""}"
scenes/intermission.md:21:dialogue:0,scenes/intermission.md,21,dialogue,0,#harm# *BEING HARMED:* {{_.INTERMISSION_STAGE==1 ? _.attack_harm_ch1 : _.attack_harm_ch2}},#harm# *ΝΑ ΒΛΑΠΤΟΜΑΙ:* {{_.INTERMISSION_STAGE==1 ? _.attack_harm_ch1 : _.attack_harm_ch2}},"{""speaker"": ""i""}"
scenes/intermission.md:23:dialogue:0,scenes/intermission.md,23,dialogue,0,#alone# *BEING UNLOVED:* {{_.INTERMISSION_STAGE==1 ? _.attack_alone_ch1 : _.attack_alone_ch2}},#alone# *ΝΑ ΜΗΝ Μ' ΑΓΑΠΟΥΝ:* {{_.INTERMISSION_STAGE==1 ? _.attack_alone_ch1 : _.attack_alone_ch2}},"{""speaker"": ""i""}"
scenes/intermission.md:25:dialogue:0,scenes/intermission.md,25,dialogue,0,#bad# *BEING A BAD PERSON:* {{_.INTERMISSION_STAGE==1 ? _.attack_bad_ch1 : _.attack_bad_ch2}},#bad# *ΝΑ ΕΙΜΑΙ ΚΑΚΟΣ:* {{_.INTERMISSION_STAGE==1 ? _.attack_bad_ch1 : _.attack_bad_ch2}},"{""speaker"": ""i""}"
scenes/intermission.md:34:dialogue:0,scenes/intermission.md,34,dialogue,0,(game auto-saved! it's ok to quit & continue later),(αυτόματη αποθήκευση! μπορείς να φύγεις & να συνεχίσεις αργότερα),"{""speaker"": ""n5""}"
scenes/intro.md:18:choice:0,scenes/intro.md,18,choice,0,#play1# PLAY! #play2#,#play1# ΠΑΙΞΕ! #play2#,"{""anchor"": ""#intro-start""}"
scenes/intro.md:22:choice:0,scenes/intro.md,22,choice,0,_CONTINUE_: The Party,_ΣΥΝΕΧΕΙΑ_: Το Πάρτι,"{""anchor"": ""#act2""}"
scenes/intro.md:26:choice:0,scenes/intro.md,26,choice,0,_CONTINUE_: The Other Party,_ΣΥΝΕΧΕΙΑ_: Το Άλλο Πάρτι,"{""anchor"": ""#act3""}"
scenes/intro.md:30:choice:0,scenes/intro.md,30,choice,0,_CONTINUE_: The Other Sandwich,_ΣΥΝΕΧΕΙΑ_: Το Άλλο Σάντουιτς,"{""anchor"": ""#act4""}"
scenes/intro.md:38:choice:0,scenes/intro.md,38,choice,0,#play1# REPLAY! #play2#,#play1# ΞΑΝΑΠΑΙΞΕ! #play2#,"{""anchor"": ""#intro-start""}"
scenes/intro.md:42:choice:0,scenes/intro.md,42,choice,0,Chapter Select,Επιλογή Κεφαλαίου,"{""anchor"": ""#chapter-select""}"
scenes/intro.md:45:choice:0,scenes/intro.md,45,choice,0,(content notes),(σημειώσεις περιεχομένου),"{""anchor"": ""#intro-play-button""}"
scenes/intro.md:51:choice:0,scenes/intro.md,51,choice,0,I. The Sandwich,I. Το Σάντουιτς,"{""anchor"": ""#intro-start""}"
scenes/intro.md:53:choice:0,scenes/intro.md,53,choice,0,II. The Party,II. Το Πάρτι,"{""anchor"": ""#act2""}"
scenes/intro.md:56:choice:0,scenes/intro.md,56,choice,0,III. The Other Party,III. Το Άλλο Πάρτι,"{""anchor"": ""#act3""}"
scenes/intro.md:64:choice:0,scenes/intro.md,64,choice,0,IV. The Other Sandwich,IV. Το Άλλο Σάντουιτς,"{""anchor"": ""#act4""}"
scenes/intro.md:72:choice:0,scenes/intro.md,72,choice,0,V. Credits,V. Τίτλοι,"{""anchor"": ""#to-credits""}"
scenes/intro.md:79:choice:0,scenes/intro.md,79,choice,0,(main menu),(κύριο μενού),"{""anchor"": ""#intro-play-button""}"
scenes/intro.md:95:dialogue:0,scenes/intro.md,95,dialogue,0,"Welcome! This is less of a ""game,"" more of an interactive story. Hope you like reading, sucka!","Καλώς ήρθες! Αυτό είναι λιγότερο «παιχνίδι» και περισσότερο διαδραστική ιστορία. Ελπίζω σου αρέσει να διαβάζεις, μαλάκα!","{""speaker"": ""n3""}"
scenes/intro.md:97:dialogue:0,scenes/intro.md,97,dialogue,0,"So before we start, how would *you* like to read?","Πριν ξεκινήσουμε, πώς θες *εσύ* να διαβάζεις;","{""speaker"": ""n3""}"
scenes/intro.md:103:dialogue:0,scenes/intro.md,103,dialogue,0,"Great! Note: you can always change options with the ⚙ icon below. Also, game auto-saves at each chapter!","Τέλεια! Σημείωση: μπορείς πάντα να αλλάξεις τις ρυθμίσεις με το εικονίδιο ⚙ κάτω. Επίσης, το παιχνίδι αποθηκεύεται αυτόματα σε κάθε κεφάλαιο!","{""speaker"": ""n3""}"
scenes/intro.md:105:dialogue:0,scenes/intro.md,105,dialogue,0,"Now, let's begin our story...","Τώρα, ας ξεκινήσουμε την ιστορία μας...","{""speaker"": ""n3""}"
scenes/intro.md:113:dialogue:0,scenes/intro.md,113,dialogue,0,THIS IS A HUMAN,ΑΥΤΟΣ ΕΙΝΑΙ ΕΝΑΣ ΑΝΘΡΩΠΟΣ,"{""speaker"": ""n2""}"
index.html:0:html:0,index.html,0,html_text,0,Adventures With Anxiety!,Περιπέτειες με Άγχος!,"{""html_node_index"": 0}"
index.html:0:html:1,index.html,0,html_text,1,"
				click or spacebar ","
				κλικ ή space ","{""html_node_index"": 1}"
index.html:0:html:2,index.html,0,html_text,2,"
				tap anywhere ","
				πάτα οπουδήποτε ","{""html_node_index"": 2}"
index.html:0:html:3,index.html,0,html_text,3,"
			paused
			","
			σε παύση
			","{""html_node_index"": 3}"
index.html:0:html:4,index.html,0,html_text,4,click anywhere to keep freaking out,πάτα οπουδήποτε για να συνεχίσεις να τρελαίνεσαι,"{""html_node_index"": 4}"
index.html:0:html:5,index.html,0,html_text,5,Adventures With Anxiety,Περιπέτειες με Άγχος,"{""html_node_index"": 5}"
index.html:0:html:6,index.html,0,html_text,6," is about, well, anxiety.
		"," αφορά, μάλλον, το άγχος.
		","{""html_node_index"": 6}"
index.html:0:html:7,index.html,0,html_text,7,"
			But I've made this ","
			Αλλά το έφτιαξα αυτό ","{""html_node_index"": 7}"
index.html:0:html:8,index.html,0,html_text,8,for,για,"{""html_node_index"": 8}"
index.html:0:html:9,index.html,0,html_text,9," folks with anxiety disorder, like myself.
			I hope it can help you see – with humor – how anxiety works.
			And, just maybe, reduce the fear of fear itself.
		"," ανθρώπους με διαταραχή άγχους, σαν εμένα.
			Ελπίζω να σε βοηθήσει να δεις — με χιούμορ — πώς λειτουργεί το άγχος.
			Και, ίσως, να μειώσει τον φόβο του ίδιου του φόβου.
		","{""html_node_index"": 9}"
index.html:0:html:10,index.html,0,html_text,10,"
			There's also badly-drawn stick figures and a hyperactive wolf.
			Enjoy!
		","
			Υπάρχουν και άσχημα σχεδιασμένες μικρές φιγούρες και ένας υπερδραστήριος λύκος.
			Καλή απόλαυση!
		","{""html_node_index"": 10}"
index.html:0:html:11,index.html,0,html_text,11,"
			other notes: alcohol abuse, sexuality","
			άλλες σημειώσεις: κατάχρηση αλκοόλ, σεξουαλικότητα","{""html_node_index"": 11}"
index.html:0:html:12,index.html,0,html_text,12,", a @✩$!load of swearing",", ένα @✩$!σωρό βρισιών","{""html_node_index"": 12}"
index.html:0:html:13,index.html,0,html_text,13,mental health tips ,συμβουλές ψυχικής υγείας ,"{""html_node_index"": 13}"
index.html:0:html:14,index.html,0,html_text,14, resources, πόροι,"{""html_node_index"": 14}"
index.html:0:html:15,index.html,0,html_text,15,"
			ok ","
			οκ ","{""html_node_index"": 15}"
index.html:0:html:16,index.html,0,html_text,16,"
				mental health
				","
				ψυχική υγεία
				","{""html_node_index"": 16}"
index.html:0:html:17,index.html,0,html_text,17,resources,πόροι,"{""html_node_index"": 17}"
index.html:0:html:18,index.html,0,html_text,18, or , ή ,"{""html_node_index"": 18}"
index.html:0:html:19,index.html,0,html_text,19,"
					play more of
					","
					παίξε κι άλλα από
					","{""html_node_index"": 19}"
index.html:0:html:20,index.html,0,html_text,20,my shtuff,τα δικά μου,"{""html_node_index"": 20}"
index.html:0:html:21,index.html,0,html_text,21,"
					throw coins","
					πέτα νομίσματα","{""html_node_index"": 21}"
index.html:0:html:22,index.html,0,html_text,22,"at me
					","πάνω μου
					","{""html_node_index"": 22}"
index.html:0:html:23,index.html,0,html_text,23,on Patreon,στο Patreon,"{""html_node_index"": 23}"
index.html:0:html:24,index.html,0,html_text,24,"
					please your ear-holes with Monplaisir's
					","
					γλύκανε τα αυτιά σου με το soundtrack του Monplaisir
					","{""html_node_index"": 24}"
index.html:0:html:25,index.html,0,html_text,25,original soundtrack,πρωτότυπο soundtrack,"{""html_node_index"": 25}"
index.html:0:html:26,index.html,0,html_text,26,close,κλείσιμο,"{""html_node_index"": 26}"
index.html:0:html:27,index.html,0,html_text,27,"
			And advance
			","
			Και προχώρηση
			","{""html_node_index"": 27}"
index.html:0:html:28,index.html,0,html_text,28,on click,με κλικ,"{""html_node_index"": 28}"
index.html:0:html:29,index.html,0,html_text,29,Volume:,Ένταση:,"{""html_node_index"": 29}"
index.html:0:html:30,index.html,0,html_text,30,"
			ok ","
			οκ ","{""html_node_index"": 30}"
index.html:0:html:31,index.html,0,html_text,31,"
Created by
","
Δημιουργία:
","{""html_node_index"": 31}"
index.html:0:html:32,index.html,0,html_text,32,Nicky Case,Nicky Case,"{""html_node_index"": 32}"
index.html:0:html:33,index.html,0,html_text,33,"
Music by
","
Μουσική:
","{""html_node_index"": 33}"
index.html:0:html:34,index.html,0,html_text,34,Monplaisir,Monplaisir,"{""html_node_index"": 34}"
index.html:0:html:35,index.html,0,html_text,35,"
Extra code by
","
Επιπλέον κώδικας:
","{""html_node_index"": 35}"
index.html:0:html:36,index.html,0,html_text,36,Spacie,Spacie,"{""html_node_index"": 36}"
index.html:0:html:37,index.html,0,html_text,37,Full credits,Πλήρεις πιστώσεις,"{""html_node_index"": 37}"
index.html:0:html:38,index.html,0,html_text,38,"

Fan-Made Translations!
","

Μεταφράσεις από fans!
","{""html_node_index"": 38}"
index.html:0:html:39,index.html,0,html_text,39,Français,Français,"{""html_node_index"": 39}"
index.html:0:html:40,index.html,0,html_text,40,Italiano,Italiano,"{""html_node_index"": 40}"
index.html:0:html:41,index.html,0,html_text,41,Русский,Русский,"{""html_node_index"": 41}"
index.html:0:html:42,index.html,0,html_text,42,Português do Brasil,Português do Brasil,"{""html_node_index"": 42}"
index.html:0:html:43,index.html,0,html_text,43,Português de Portugal,Português de Portugal,"{""html_node_index"": 43}"
index.html:0:html:44,index.html,0,html_text,44,Deutsch,Deutsch,"{""html_node_index"": 44}"
index.html:0:html:45,index.html,0,html_text,45,Español (Europeo),Español (Europeo),"{""html_node_index"": 45}"
index.html:0:html:46,index.html,0,html_text,46,Español (Latino),Español (Latino),"{""html_node_index"": 46}"
index.html:0:html:47,index.html,0,html_text,47,Polski,Polski,"{""html_node_index"": 47}"
index.html:0:html:48,index.html,0,html_text,48,bahasa indonesia,bahasa indonesia,"{""html_node_index"": 48}"
index.html:0:html:49,index.html,0,html_text,49,Türkçe,Türkçe,"{""html_node_index"": 49}"
index.html:0:html:50,index.html,0,html_text,50,Українська мова,Українська мова,"{""html_node_index"": 50}"
index.html:0:html:51,index.html,0,html_text,51,ภาษาไทย,ภาษาไทย,"{""html_node_index"": 51}"
index.html:0:html:52,index.html,0,html_text,52,中文,中文,"{""html_node_index"": 52}"
index.html:0:html:53,index.html,0,html_text,53,中文（臺灣）,中文（臺灣）,"{""html_node_index"": 53}"
index.html:0:html:54,index.html,0,html_text,54,한국어,한국어,"{""html_node_index"": 54}"
index.html:0:html:55,index.html,0,html_text,55,Tiếng Việt,Tiếng Việt,"{""html_node_index"": 55}"
index.html:0:html:56,index.html,0,html_text,56,"
...
","
...
","{""html_node_index"": 56}"
index.html:0:html:57,index.html,0,html_text,57,(make your own?),(φτιάξε τη δική σου;),"{""html_node_index"": 57}"
index.html:0:html:58,index.html,0,html_text,58,"
You're already free to reuse ","
Μπορείς ήδη ελεύθερα να ξαναχρησιμοποιήσεις ","{""html_node_index"": 58}"
index.html:0:html:59,index.html,0,html_text,59," remix this for any use!
"," remix την για οποιαδήποτε χρήση!
","{""html_node_index"": 59}"
index.html:0:html:60,index.html,0,html_text,60,(huh?),(τι;),"{""html_node_index"": 60}"
index.html:0:html:61,index.html,0,html_text,61,Get the full source code,Κατέβασε τον πλήρη πηγαίο κώδικα,"{""html_node_index"": 61}"
index.html:0:html:62,index.html,0,html_text,62,"
Share on an anxiety-app:
","
Μοιράσου σε εφαρμογή άγχους:
","{""html_node_index"": 62}"
index.html:0:html:63,index.html,0,html_text,63,"
	Adventures With Anxiety!
","
	Περιπέτειες με Άγχος!
","{""html_node_index"": 63}"
index.html:0:html:64,index.html,0,html_text,64,"
	I just played this story-game about a human and their anxiety! You play *as* the anxiety. 😱
","
	Μόλις έπαιξα αυτό το παιχνίδι-ιστορία για έναν άνθρωπο και το άγχος του! Παίζεις *ως* το άγχος. 😱
","{""html_node_index"": 64}"
index.html:0:html:65,index.html,0,html_text,65,"
For your sharing pleasure:","
Για να το μοιραστείς με χαρά:","{""html_node_index"": 65}"
index.html:0:html:66,index.html,0,html_text,66,Videos ,Βίντεο ,"{""html_node_index"": 66}"
index.html:0:html:67,index.html,0,html_text,67, Thumbnails, Μικρογραφίες,"{""html_node_index"": 67}"
index.html:0:html:68,index.html,0,html_text,68,Mental Health Tips ,Συμβουλές Ψυχικής Υγείας ,"{""html_node_index"": 68}"
index.html:0:html:69,index.html,0,html_text,69, Resources, Πόροι,"{""html_node_index"": 69}"
index.html:0:html:70,index.html,0,html_text,70,Cuss-Free Mode,Λειτουργία χωρίς βρισιές,"{""html_node_index"": 70}"
index.html:0:html:71,index.html,0,html_text,71,"
	(for educators who want to avoid an awkward PTA meeting)
","
	(για εκπαιδευτικούς που θέλουν να αποφύγουν μια αμήχανη συνάντηση γονέων)
","{""html_node_index"": 71}"
